Date,event_id,article_id,event_title,match_Labels,valid_event_ids_from_matched,has_valid_events,article_id_count,valid_article_ids_from_matched,event_id_count
2020-11-03,22b49f7df1d984b298b3cefd48edcd10bdfcce69ae4b6492b620c9387ca9443c,"[4.0, 121.0, 147.0, 513.0, 575.0, 650.0, 677.0, 678.0, 851.0, 855.0, 920.0, 1019.0, 1094.0, 1102.0, 1209.0, 1272.0, 1316.0, 1377.0, 1609.0, 1658.0, 1691.0, 1698.0, 1702.0, 1754.0, 1768.0, 1834.0, 1900.0, 2001.0, 2004.0, 2081.0, 2255.0, 2272.0, 2288.0, 2310.0, 2438.0, 2539.0, 2580.0, 2622.0, 2709.0, 3020.0, 3025.0, 3057.0, 3058.0, 3063.0, 3075.0, 3076.0, 3114.0, 3115.0]",TPLF (rebel) attacked Northern Command (Govt.),Valid,"[""['46d1d6d56a23cc7f56a8b44f86e4f93616a6cd1675a6df9cbef21ca5012ce696']"", ""['8c0f141014ed0e30e477501360774ceb48efb800ce58a06e4a26c3f72256aadd']""]",True,8,"[2272, 3076, 2438, 2310, 2539, 2288, 3063, 121]",2
2020-11-04,01e9c5a67f4b1fe82a00c388518a50c1a7988d61a2032daedd411020a2a46eb2,"[4.0, 147.0, 650.0, 677.0, 851.0, 855.0, 864.0, 920.0, 1019.0, 1094.0, 1102.0, 1265.0, 1272.0, 1316.0, 1609.0, 1658.0, 1691.0, 1768.0, 1834.0, 1900.0, 2001.0, 2081.0, 2255.0, 2272.0, 2288.0, 2310.0, 2438.0, 2580.0, 2709.0, 3020.0, 3025.0, 3057.0, 3058.0, 3063.0, 3075.0, 3076.0, 3096.0, 3114.0, 3115.0]",Abiy declared a military offensive with state of emergency in Tigray,Valid,"[""['46d1d6d56a23cc7f56a8b44f86e4f93616a6cd1675a6df9cbef21ca5012ce696']"", ""['8c0f141014ed0e30e477501360774ceb48efb800ce58a06e4a26c3f72256aadd']""]",True,8,"[2272, 3076, 2438, 2310, 2288, 1265, 3063, 3096]",2
2020-11-07,60702b883adf1ad3acddc30c58c2b57e35e53fd1e996a4f11c8a16df4b62b432,"[4.0, 6.0, 7.0, 121.0, 147.0, 293.0, 513.0, 537.0, 538.0, 575.0, 589.0, 650.0, 677.0, 678.0, 851.0, 855.0, 864.0, 920.0, 951.0, 1019.0, 1067.0, 1090.0, 1094.0, 1102.0, 1167.0, 1209.0, 1212.0, 1260.0, 1264.0, 1265.0, 1266.0, 1272.0, 1313.0, 1316.0, 1377.0, 1609.0, 1658.0, 1691.0, 1698.0, 1702.0, 1710.0, 1747.0, 1754.0, 1761.0, 1762.0, 1768.0, 1770.0, 1774.0, 1819.0, 1834.0, 1880.0, 1900.0, 2001.0, 2004.0, 2081.0, 2234.0, 2237.0, 2242.0, 2255.0, 2272.0, 2287.0, 2288.0, 2310.0, 2438.0, 2525.0, 2539.0, 2580.0, 2622.0, 2678.0, 2709.0, 2723.0, 2921.0, 2957.0, 3020.0, 3025.0, 3057.0, 3058.0, 3063.0, 3075.0, 3076.0, 3096.0, 3114.0, 3115.0]",Ethiopian parliament set-up an interim government for Tigray,Valid,"[""['46d1d6d56a23cc7f56a8b44f86e4f93616a6cd1675a6df9cbef21ca5012ce696']"", ""['7e70bfbc7c1948a079ec38384d27df5ea3be3cbf95ef12a15c451b717c73cdf1']"", ""['8c0f141014ed0e30e477501360774ceb48efb800ce58a06e4a26c3f72256aadd']"", ""['73b519525a7230cae0258ef8478b8fe9c01ab4f5d1cd56a42f7daa4c086600fe']""]",True,31,"[3076, 6, 7, 2310, 2438, 3096, 537, 538, 1819, 1313, 1710, 951, 1212, 1090, 2242, 589, 2272, 1761, 1762, 2921, 1770, 2539, 1260, 1774, 2287, 1264, 1265, 1266, 2288, 3063, 121]",4
2020-11-08,33c9dfd29e0cad49f44d5a7ca70d3176da71ef03188a95780b516516dafa0f89,"[4.0, 6.0, 7.0, 9.0, 45.0, 51.0, 100.0, 121.0, 143.0, 144.0, 147.0, 293.0, 373.0, 513.0, 537.0, 538.0, 540.0, 575.0, 589.0, 633.0, 643.0, 650.0, 677.0, 678.0, 851.0, 855.0, 864.0, 920.0, 951.0, 1019.0, 1020.0, 1033.0, 1056.0, 1067.0, 1090.0, 1094.0, 1102.0, 1167.0, 1209.0, 1212.0, 1254.0, 1260.0, 1262.0, 1263.0, 1264.0, 1265.0, 1266.0, 1272.0, 1313.0, 1316.0, 1377.0, 1424.0, 1449.0, 1479.0, 1481.0, 1510.0, 1519.0, 1565.0, 1568.0, 1576.0, 1609.0, 1658.0, 1691.0, 1698.0, 1702.0, 1710.0, 1747.0, 1752.0, 1754.0, 1761.0, 1762.0, 1768.0, 1769.0, 1770.0, 1774.0, 1819.0, 1834.0, 1879.0, 1893.0, 1900.0, 2001.0, 2004.0, 2020.0, 2054.0, 2055.0, 2081.0, 2147.0, 2234.0, 2237.0, 2242.0, 2255.0, 2272.0, 2287.0, 2288.0, 2310.0, 2438.0, 2525.0, 2539.0, 2580.0, 2622.0, 2678.0, 2685.0, 2709.0, 2714.0, 2723.0, 2921.0, 2947.0, 2957.0, 3014.0, 3015.0, 3020.0, 3025.0, 3034.0, 3057.0, 3058.0, 3063.0, 3070.0, 3075.0, 3076.0, 3096.0, 3114.0, 3115.0, 3128.0, 3172.0, 3179.0, 3205.0, 3215.0]",ENDF (Ethiopian National Defence Forces) offensive; with accusation of human rights from both sides,Valid,"[""['b6c2bd69e1e6fe4cfd7854051646a579ad6f825e50e0fc69856080c9dff99da8']"", ""['7e70bfbc7c1948a079ec38384d27df5ea3be3cbf95ef12a15c451b717c73cdf1']"", ""['986230c201d49bd6b29e513dbabcf59c13bcf290b293868402e1d39ed4a007b4']"", ""['8c0f141014ed0e30e477501360774ceb48efb800ce58a06e4a26c3f72256aadd']"", ""['75571a7d4cce072f9e1a71b7d1b53c7a6af1961f2ec8172a3553e50cea41f631']"", ""['46d1d6d56a23cc7f56a8b44f86e4f93616a6cd1675a6df9cbef21ca5012ce696']"", ""['73b519525a7230cae0258ef8478b8fe9c01ab4f5d1cd56a42f7daa4c086600fe']""]",True,62,"[643, 2947, 3076, 6, 7, 2055, 9, 2310, 2438, 3205, 143, 3215, 3096, 537, 538, 1819, 540, 2714, 1056, 1313, 1576, 1449, 45, 1710, 51, 3063, 951, 3128, 1212, 1090, 2242, 3014, 1479, 3015, 589, 1752, 3034, 2272, 121, 1761, 1762, 100, 1893, 2020, 2147, 3172, 1769, 1770, 2539, 1260, 2921, 1262, 1263, 1264, 1265, 1266, 1519, 1774, 373, 2287, 2288, 633]",7
2020-11-28,37525424e8e27d1c00076646567c6614421d6ea25161aaaad205ccd16d7e9e13,"[4.0, 6.0, 7.0, 8.0, 9.0, 26.0, 31.0, 45.0, 51.0, 71.0, 82.0, 87.0, 90.0, 98.0, 100.0, 103.0, 110.0, 121.0, 123.0, 142.0, 143.0, 144.0, 145.0, 147.0, 148.0, 149.0, 182.0, 185.0, 192.0, 198.0, 199.0, 220.0, 223.0, 235.0, 245.0, 253.0, 265.0, 276.0, 288.0, 293.0, 316.0, 364.0, 365.0, 372.0, 373.0, 379.0, 380.0, 383.0, 394.0, 395.0, 414.0, 425.0, 435.0, 436.0, 437.0, 441.0, 453.0, 492.0, 499.0, 523.0, 537.0, 538.0, 540.0, 556.0, 564.0, 565.0, 574.0, 575.0, 587.0, 589.0, 590.0, 595.0, 601.0, 633.0, 640.0, 643.0, 650.0, 658.0, 677.0, 678.0, 683.0, 736.0, 777.0, 823.0, 828.0, 845.0, 847.0, 851.0, 855.0, 864.0, 885.0, 920.0, 929.0, 944.0, 951.0, 964.0, 1019.0, 1020.0, 1031.0, 1033.0, 1041.0, 1053.0, 1055.0, 1056.0, 1061.0, 1066.0, 1067.0, 1082.0, 1090.0, 1094.0, 1102.0, 1112.0, 1115.0, 1120.0, 1135.0, 1142.0, 1156.0, 1167.0, 1177.0, 1181.0, 1183.0, 1184.0, 1192.0, 1209.0, 1212.0, 1214.0, 1224.0, 1241.0, 1254.0, 1260.0, 1262.0, 1263.0, 1264.0, 1265.0, 1266.0, 1271.0, 1272.0, 1274.0, 1313.0, 1316.0, 1327.0, 1351.0, 1373.0, 1377.0, 1387.0, 1391.0, 1419.0, 1420.0, 1424.0, 1425.0, 1429.0, 1434.0, 1435.0, 1449.0, 1479.0, 1488.0, 1490.0, 1496.0, 1498.0, 1519.0, 1524.0, 1545.0, 1548.0, 1551.0, 1552.0, 1564.0, 1572.0, 1576.0, 1587.0, 1588.0, 1599.0, 1609.0, 1617.0, 1658.0, 1672.0, 1691.0, 1698.0, 1702.0, 1705.0, 1709.0, 1710.0, 1720.0, 1721.0, 1734.0, 1735.0, 1747.0, 1752.0, 1753.0, 1754.0, 1755.0, 1760.0, 1761.0, 1762.0, 1768.0, 1769.0, 1770.0, 1774.0, 1781.0, 1794.0, 1795.0, 1796.0, 1809.0, 1818.0, 1819.0, 1821.0, 1827.0, 1833.0, 1834.0, 1842.0, 1857.0, 1858.0, 1880.0, 1887.0, 1890.0, 1893.0, 1894.0, 1898.0, 1899.0, 1900.0, 1908.0, 1922.0, 1927.0, 1928.0, 1932.0, 1943.0, 1950.0, 1961.0, 1987.0, 1988.0, 1989.0, 1994.0, 2001.0, 2004.0, 2020.0, 2049.0, 2052.0, 2054.0, 2055.0, 2059.0, 2081.0, 2094.0, 2106.0, 2107.0, 2112.0, 2118.0, 2119.0, 2125.0, 2142.0, 2147.0, 2148.0, 2156.0, 2162.0, 2234.0, 2236.0, 2237.0, 2239.0, 2242.0, 2268.0, 2269.0, 2272.0, 2277.0, 2280.0, 2283.0, 2287.0, 2288.0, 2301.0, 2302.0, 2305.0, 2306.0, 2309.0, 2310.0, 2316.0, 2324.0, 2326.0, 2337.0, 2396.0, 2434.0, 2438.0, 2440.0, 2443.0, 2445.0, 2456.0, 2469.0, 2473.0, 2474.0, 2499.0, 2525.0, 2539.0, 2542.0, 2565.0, 2580.0, 2585.0, 2594.0, 2606.0, 2622.0, 2678.0, 2685.0, 2701.0, 2706.0, 2709.0, 2713.0, 2714.0, 2723.0, 2725.0, 2727.0, 2732.0, 2734.0, 2740.0, 2742.0, 2743.0, 2773.0, 2812.0, 2896.0, 2913.0, 2914.0, 2921.0, 2947.0, 2949.0, 2950.0, 2952.0, 2954.0, 2956.0, 2957.0, 2959.0, 2962.0, 2979.0, 2984.0, 3014.0, 3015.0, 3018.0, 3020.0, 3021.0, 3025.0, 3029.0, 3034.0, 3039.0, 3040.0, 3046.0, 3048.0, 3053.0, 3057.0, 3058.0, 3059.0, 3063.0, 3065.0, 3070.0, 3072.0, 3075.0, 3076.0, 3078.0, 3093.0, 3096.0, 3097.0, 3103.0, 3107.0, 3114.0, 3115.0, 3122.0, 3128.0, 3153.0, 3163.0, 3165.0, 3172.0, 3179.0, 3182.0, 3183.0, 3184.0, 3186.0, 3193.0, 3205.0, 3215.0, 3293.0, 3313.0, 3318.0, 3320.0]","Mekelle, capital of Tigray, captured by Federal forces",Valid,"[""['986230c201d49bd6b29e513dbabcf59c13bcf290b293868402e1d39ed4a007b4']"", ""['243611dfab92c3ae35bf381d3211c86ef2c0f498a267151e13c8f1f36a07b42f']"", ""['e3653255d8814854c936ba02b470fb5ad6073c8020e0f8377b005eaa31baff9e']"", ""['4b881e0045740f2cf84ea15649641645b162043d46f053fa96b397c75a9eb703']"", ""['b6c2bd69e1e6fe4cfd7854051646a579ad6f825e50e0fc69856080c9dff99da8']"", ""['2270763ecb38a00674d8cedb74ca936129d7b8e54a36af0590ce3e7c8f8d6e48']"", ""['7e70bfbc7c1948a079ec38384d27df5ea3be3cbf95ef12a15c451b717c73cdf1']"", ""['eec5479a8205561a4d8670a74b90d898b0a01107df52dc4b74dff8d158bed4bb']"", ""['be07c86bb3e3a817564f5cc3218f460fbae40585df0665ba9ce34c32430dd8af']"", ""['f1ecc197882bf81a99e104042991adcfd9eeae68f5ed3d582ec2863e8a71d39b']"", ""['286d5c391d7d4ef9f6cc03e94862b194d9701ca60d9dbe3252a08e4713c85388']"", ""['2771ba38c7012cb9d44507e4c3f2b0fbe7adbb7f69e9c7306ef422e803f502eb']"", ""['79e89612031f81a0bfd8ffde9d1835f9cd342146cd357b5fba456285310842ba']"", ""['6254c2673d175d29400b5de55ea8630024ff9035d37c7ca4df0b57c8606fe7dd']"", ""['73b519525a7230cae0258ef8478b8fe9c01ab4f5d1cd56a42f7daa4c086600fe']"", ""['96b967f05df64d67783abd5bfbbd2026fcc20630e4a927b88c0b96b3332bbdeb']"", ""['659d57bc243e0e78cc1b87da2f627116de527cf9c688f0db2061375d728548c9']"", ""['06494f47fca53cd61fb304429a8da713eafdae8a7e1cfba6fcfbc702ed049b8b']"", ""['8c0f141014ed0e30e477501360774ceb48efb800ce58a06e4a26c3f72256aadd']"", ""['05f488bddaa3e0abdbb8cdbe16ac0fb7bdae719bc41dd6fa9fcdbe57a4bb8e54']"", ""['75571a7d4cce072f9e1a71b7d1b53c7a6af1961f2ec8172a3553e50cea41f631']"", ""['46d1d6d56a23cc7f56a8b44f86e4f93616a6cd1675a6df9cbef21ca5012ce696']"", ""['8eeb19740bd6c30ff3f657dd953ea8517a2f07ef91240f350968c873458c5f1a']"", ""['370051e9782094a0d4707116b40bec7aee65bf52631c904d067fa8195c6d0640']"", ""['fdb6a8e1c78d046ece079fca68efe22d0e36ea43d3744d3daf603c5ff09ff0bf']"", ""['b147588c230b1796c9e7e1908ed57e9fe14dbc625333095956c0937c76137e65']"", ""['aa114a0e3ca19f5795e94cf86d3ba697015629385bebf4c2879cd8e1a1a87ce0']"", ""['060dcf0c4afa4b9ee5af727b6564820afda02e981ed6890c504f8f4d132feb81']"", ""['17ee050186b749fb7f4c6437208d23275eeca30d725ce22596dd2927371f2d17']"", ""['29f087578af661afe013c6529b74a69aeb123fa0e007b2acc65228d74ab4173a']"", ""['fc81f1a5c81a74642591c98465e4bd0fce4d2a42db9a5a0c211890a1ec9bd944']"", ""['df82e114e1bad427eae27f671ffa870b20f1288c544aee58ceda819d1f1099a6']""]",True,301,"[3072, 2049, 3076, 2565, 6, 7, 8, 9, 1031, 523, 1545, 2055, 2059, 1551, 1552, 3093, 3096, 537, 26, 538, 540, 1053, 1564, 1055, 1056, 2585, 2594, 2952, 1572, 1061, 3103, 3107, 1576, 1066, 556, 45, 2094, 2606, 3122, 51, 564, 1587, 1588, 3128, 2106, 2107, 574, 1599, 2112, 1090, 2118, 71, 2119, 587, 589, 590, 2125, 1617, 82, 595, 3153, 87, 1112, 601, 90, 1115, 3163, 3165, 2142, 1120, 98, 2147, 100, 2148, 3172, 103, 2156, 110, 1135, 3182, 3183, 2162, 3184, 3186, 633, 121, 123, 3193, 3078, 640, 643, 1156, 3205, 1672, 2701, 142, 143, 3215, 145, 658, 2706, 149, 1177, 2713, 2714, 1181, 1183, 1184, 2725, 2727, 1192, 1705, 683, 2732, 1709, 1710, 2734, 2740, 182, 2742, 1720, 1721, 2743, 3293, 1212, 2236, 1214, 2239, 192, 2242, 198, 199, 1224, 1734, 1735, 2773, 1752, 1241, 1753, 1755, 220, 2268, 2269, 223, 736, 1760, 1761, 1762, 2272, 2277, 3097, 2280, 1769, 1770, 235, 1260, 2283, 1262, 1263, 1264, 1265, 1266, 1774, 2287, 245, 1781, 1271, 2288, 3318, 1274, 3320, 2812, 253, 2301, 2302, 2305, 1794, 1795, 1796, 2306, 2309, 2310, 265, 777, 2316, 1809, 276, 2324, 2326, 1818, 1819, 1821, 288, 1313, 2337, 1833, 1327, 1842, 823, 316, 828, 1857, 1858, 1351, 845, 847, 2396, 1373, 1887, 2913, 1890, 2914, 1893, 1894, 2921, 1898, 1387, 364, 365, 1899, 1391, 372, 373, 885, 379, 380, 383, 1922, 2434, 2947, 2949, 2438, 2950, 1928, 2440, 394, 395, 1419, 1420, 1932, 2443, 2445, 1425, 2954, 2956, 2959, 1429, 2962, 1943, 2456, 1434, 1435, 414, 1950, 929, 2979, 2469, 2984, 425, 1449, 1961, 2473, 2474, 435, 436, 437, 951, 441, 1987, 964, 453, 1988, 1479, 1989, 2499, 1994, 3014, 3015, 3018, 3021, 1488, 1490, 3029, 1496, 1498, 3034, 3039, 3040, 2020, 3046, 3048, 2539, 492, 3053, 2542, 1519, 499, 1524, 3059, 3063, 3065]",32
2020-11-29,343c9e0b1c87b740966cefdf419be75e4a4e95e101b7670987b087f2b29f9145,"[4.0, 6.0, 7.0, 8.0, 9.0, 26.0, 31.0, 45.0, 51.0, 71.0, 82.0, 87.0, 90.0, 98.0, 100.0, 103.0, 110.0, 121.0, 123.0, 142.0, 143.0, 144.0, 145.0, 147.0, 148.0, 149.0, 182.0, 185.0, 192.0, 198.0, 199.0, 220.0, 223.0, 235.0, 245.0, 253.0, 265.0, 276.0, 288.0, 293.0, 316.0, 360.0, 364.0, 365.0, 372.0, 373.0, 379.0, 380.0, 383.0, 394.0, 395.0, 414.0, 425.0, 435.0, 436.0, 437.0, 441.0, 453.0, 492.0, 499.0, 523.0, 537.0, 538.0, 540.0, 556.0, 564.0, 565.0, 574.0, 575.0, 587.0, 589.0, 590.0, 595.0, 601.0, 633.0, 640.0, 643.0, 650.0, 658.0, 677.0, 678.0, 683.0, 736.0, 777.0, 823.0, 828.0, 845.0, 847.0, 851.0, 855.0, 864.0, 885.0, 920.0, 929.0, 944.0, 951.0, 964.0, 1019.0, 1020.0, 1031.0, 1033.0, 1041.0, 1053.0, 1055.0, 1056.0, 1061.0, 1066.0, 1067.0, 1082.0, 1090.0, 1094.0, 1102.0, 1112.0, 1115.0, 1120.0, 1135.0, 1142.0, 1156.0, 1167.0, 1177.0, 1181.0, 1183.0, 1184.0, 1192.0, 1209.0, 1212.0, 1214.0, 1224.0, 1241.0, 1254.0, 1260.0, 1262.0, 1263.0, 1264.0, 1265.0, 1266.0, 1271.0, 1272.0, 1274.0, 1313.0, 1316.0, 1327.0, 1351.0, 1373.0, 1377.0, 1387.0, 1391.0, 1419.0, 1420.0, 1425.0, 1429.0, 1434.0, 1435.0, 1449.0, 1488.0, 1490.0, 1496.0, 1498.0, 1519.0, 1522.0, 1524.0, 1545.0, 1548.0, 1551.0, 1552.0, 1564.0, 1572.0, 1576.0, 1587.0, 1588.0, 1599.0, 1609.0, 1617.0, 1658.0, 1672.0, 1691.0, 1698.0, 1702.0, 1705.0, 1709.0, 1710.0, 1720.0, 1721.0, 1734.0, 1735.0, 1747.0, 1752.0, 1753.0, 1754.0, 1755.0, 1760.0, 1761.0, 1762.0, 1768.0, 1769.0, 1770.0, 1774.0, 1781.0, 1794.0, 1795.0, 1796.0, 1809.0, 1818.0, 1819.0, 1821.0, 1827.0, 1833.0, 1834.0, 1842.0, 1857.0, 1858.0, 1863.0, 1880.0, 1887.0, 1890.0, 1893.0, 1894.0, 1898.0, 1899.0, 1900.0, 1908.0, 1915.0, 1922.0, 1927.0, 1928.0, 1932.0, 1943.0, 1950.0, 1961.0, 1987.0, 1988.0, 1989.0, 1994.0, 2001.0, 2004.0, 2020.0, 2049.0, 2052.0, 2054.0, 2055.0, 2059.0, 2081.0, 2094.0, 2106.0, 2107.0, 2112.0, 2118.0, 2119.0, 2125.0, 2142.0, 2147.0, 2148.0, 2156.0, 2162.0, 2234.0, 2236.0, 2237.0, 2239.0, 2242.0, 2268.0, 2269.0, 2272.0, 2277.0, 2280.0, 2283.0, 2287.0, 2288.0, 2301.0, 2302.0, 2305.0, 2306.0, 2309.0, 2310.0, 2316.0, 2324.0, 2326.0, 2337.0, 2396.0, 2434.0, 2438.0, 2440.0, 2443.0, 2445.0, 2456.0, 2469.0, 2473.0, 2474.0, 2499.0, 2525.0, 2539.0, 2542.0, 2565.0, 2580.0, 2585.0, 2594.0, 2606.0, 2622.0, 2678.0, 2685.0, 2701.0, 2706.0, 2709.0, 2713.0, 2714.0, 2723.0, 2725.0, 2727.0, 2732.0, 2734.0, 2740.0, 2742.0, 2743.0, 2771.0, 2773.0, 2812.0, 2815.0, 2896.0, 2913.0, 2914.0, 2921.0, 2947.0, 2949.0, 2950.0, 2952.0, 2954.0, 2956.0, 2957.0, 2959.0, 2962.0, 2979.0, 2984.0, 3014.0, 3015.0, 3018.0, 3020.0, 3021.0, 3025.0, 3029.0, 3034.0, 3039.0, 3040.0, 3046.0, 3048.0, 3053.0, 3057.0, 3058.0, 3059.0, 3063.0, 3065.0, 3070.0, 3072.0, 3075.0, 3076.0, 3078.0, 3093.0, 3096.0, 3097.0, 3103.0, 3107.0, 3114.0, 3115.0, 3122.0, 3128.0, 3153.0, 3163.0, 3165.0, 3172.0, 3179.0, 3182.0, 3183.0, 3184.0, 3186.0, 3193.0, 3205.0, 3215.0, 3293.0, 3313.0, 3318.0, 3320.0]",The war continued with increasing intensity until TPLF took the upper hand and ENDF retreated from Tigray except the regions which was Western (Wolkayit) and southern Tigray,Valid,"[""['986230c201d49bd6b29e513dbabcf59c13bcf290b293868402e1d39ed4a007b4']"", ""['243611dfab92c3ae35bf381d3211c86ef2c0f498a267151e13c8f1f36a07b42f']"", ""['e3653255d8814854c936ba02b470fb5ad6073c8020e0f8377b005eaa31baff9e']"", ""['4b881e0045740f2cf84ea15649641645b162043d46f053fa96b397c75a9eb703']"", ""['b6c2bd69e1e6fe4cfd7854051646a579ad6f825e50e0fc69856080c9dff99da8']"", ""['2270763ecb38a00674d8cedb74ca936129d7b8e54a36af0590ce3e7c8f8d6e48']"", ""['7e70bfbc7c1948a079ec38384d27df5ea3be3cbf95ef12a15c451b717c73cdf1']"", ""['eec5479a8205561a4d8670a74b90d898b0a01107df52dc4b74dff8d158bed4bb']"", ""['be07c86bb3e3a817564f5cc3218f460fbae40585df0665ba9ce34c32430dd8af']"", ""['f1ecc197882bf81a99e104042991adcfd9eeae68f5ed3d582ec2863e8a71d39b']"", ""['286d5c391d7d4ef9f6cc03e94862b194d9701ca60d9dbe3252a08e4713c85388']"", ""['2771ba38c7012cb9d44507e4c3f2b0fbe7adbb7f69e9c7306ef422e803f502eb']"", ""['79e89612031f81a0bfd8ffde9d1835f9cd342146cd357b5fba456285310842ba']"", ""['6254c2673d175d29400b5de55ea8630024ff9035d37c7ca4df0b57c8606fe7dd']"", ""['73b519525a7230cae0258ef8478b8fe9c01ab4f5d1cd56a42f7daa4c086600fe']"", ""['96b967f05df64d67783abd5bfbbd2026fcc20630e4a927b88c0b96b3332bbdeb']"", ""['659d57bc243e0e78cc1b87da2f627116de527cf9c688f0db2061375d728548c9']"", ""['06494f47fca53cd61fb304429a8da713eafdae8a7e1cfba6fcfbc702ed049b8b']"", ""['8c0f141014ed0e30e477501360774ceb48efb800ce58a06e4a26c3f72256aadd']"", ""['05f488bddaa3e0abdbb8cdbe16ac0fb7bdae719bc41dd6fa9fcdbe57a4bb8e54']"", ""['75571a7d4cce072f9e1a71b7d1b53c7a6af1961f2ec8172a3553e50cea41f631']"", ""['46d1d6d56a23cc7f56a8b44f86e4f93616a6cd1675a6df9cbef21ca5012ce696']"", ""['8eeb19740bd6c30ff3f657dd953ea8517a2f07ef91240f350968c873458c5f1a']"", ""['370051e9782094a0d4707116b40bec7aee65bf52631c904d067fa8195c6d0640']"", ""['fdb6a8e1c78d046ece079fca68efe22d0e36ea43d3744d3daf603c5ff09ff0bf']"", ""['b147588c230b1796c9e7e1908ed57e9fe14dbc625333095956c0937c76137e65']"", ""['aa114a0e3ca19f5795e94cf86d3ba697015629385bebf4c2879cd8e1a1a87ce0']"", ""['060dcf0c4afa4b9ee5af727b6564820afda02e981ed6890c504f8f4d132feb81']"", ""['17ee050186b749fb7f4c6437208d23275eeca30d725ce22596dd2927371f2d17']"", ""['29f087578af661afe013c6529b74a69aeb123fa0e007b2acc65228d74ab4173a']"", ""['fc81f1a5c81a74642591c98465e4bd0fce4d2a42db9a5a0c211890a1ec9bd944']"", ""['df82e114e1bad427eae27f671ffa870b20f1288c544aee58ceda819d1f1099a6']""]",True,305,"[3072, 2049, 3076, 2565, 6, 7, 8, 9, 1031, 523, 1545, 2055, 2059, 1551, 1552, 3093, 3096, 537, 26, 538, 540, 1053, 1564, 1055, 1056, 2585, 2594, 2952, 1572, 1061, 3103, 3107, 1576, 1066, 556, 45, 2094, 2606, 3122, 51, 564, 1587, 1588, 3128, 2106, 2107, 574, 1599, 2112, 1090, 2118, 71, 2119, 587, 589, 590, 2125, 1617, 82, 595, 3153, 87, 1112, 601, 90, 1115, 3163, 3165, 2142, 1120, 98, 2147, 100, 2148, 3172, 103, 2156, 110, 1135, 3182, 3183, 2162, 3184, 3186, 633, 121, 123, 3193, 3078, 640, 643, 1156, 3205, 1672, 2701, 142, 143, 3215, 145, 658, 2706, 149, 1177, 2713, 2714, 1181, 1183, 1184, 2725, 2727, 1192, 1705, 683, 2732, 1709, 1710, 2734, 2740, 182, 2742, 1720, 1721, 2743, 3293, 1212, 2236, 1214, 2239, 192, 2242, 198, 199, 1224, 1734, 1735, 2771, 2773, 1752, 1241, 1753, 1755, 220, 2268, 2269, 223, 736, 1760, 1761, 1762, 2272, 2277, 3097, 2280, 1769, 1770, 235, 1260, 2283, 1262, 1263, 1264, 1265, 1266, 1774, 2287, 245, 1781, 1271, 2288, 3318, 1274, 3320, 2812, 253, 2301, 2302, 2305, 1794, 1795, 1796, 2306, 2309, 2310, 265, 777, 2316, 1809, 276, 2324, 2326, 1818, 1819, 1821, 288, 1313, 2337, 1833, 1327, 1842, 823, 316, 828, 1857, 1858, 1351, 1863, 845, 847, 2396, 1373, 1887, 2913, 1890, 2914, 1893, 1894, 360, 2921, 1898, 1387, 364, 365, 1899, 1391, 372, 373, 885, 379, 380, 1915, 383, 1922, 2434, 2947, 2949, 2438, 2950, 1928, 2440, 394, 395, 1419, 1420, 1932, 2443, 2445, 1425, 2954, 2956, 2959, 1429, 2962, 1943, 2456, 1434, 1435, 414, 1950, 929, 2979, 2469, 2984, 425, 1449, 1961, 2473, 2474, 435, 436, 437, 951, 441, 1987, 964, 453, 1988, 1989, 2499, 3014, 1994, 3015, 3018, 3021, 1488, 1490, 3029, 1496, 1498, 3034, 3039, 3040, 2020, 3046, 3048, 2539, 492, 3053, 2542, 1519, 1522, 499, 1524, 3059, 3063, 3065]",32
2021-06-28,143f81d0d69eb0627c5cf6b26c9ba722050070c922848852c4dcf9dd12b3fdac,"[18.0, 118.0, 408.0, 494.0, 763.0, 771.0, 1131.0, 1268.0, 1638.0, 2078.0, 2123.0, 2245.0, 2265.0, 2323.0, 2341.0, 2363.0, 2582.0, 2584.0, 2597.0, 2693.0, 2728.0, 2733.0, 2737.0, 2965.0, 2996.0, 3012.0, 3027.0, 3038.0, 3110.0, 3129.0, 3248.0]","TPLF recaptured the regional capital, Mekelle",Valid,"[""['39c21968a1e498b5682d20028e9264b02440a1ee9d4d4d9e8192092d4bebe794']"", ""['f54b329d4127622dfb39ce20553ea03681ca598b1290aa6282dfb17f4557d894']"", ""['5f2f0265695a55c310e79b90b6c3eecb0ab2ae526dc50dffdba0994988590679']"", ""['e4156e3f2ddf5d79af673ab6dba4117c85990217a6f664fa0818a37f8be1a361']"", ""['4a35bc0cec7e909bc42076d47bdf2364b1e60168e0d79aec20aa94de8792f6dc']"", ""['5fed4cb0b3755a47c0108e10eb95ff7d74d3ff4acd74d9f46428209843ed02dc']"", ""['9f47b145f5473fed7ce5fae16570fe75d39d7974a132229804b5e03d6f987760']"", ""['a7a18d4ebe723a2b149fdeee01504b7b1b66d6eaa6817c411ccb479bc5b14b27']"", ""['0aa15cb3c766a874d8d2f66e28553f9f4b9ae19868a2545bb4b1395716a141a5']"", ""['33eb23101c87c7530d6ce82b1c48438a3e4c7048d101b3c4dd7e6676acf18b6b']"", ""['22786d7d339f72e0420cb3cf9c34ff46d119d78e33040d786a23225ecd59c3e3']""]",True,31,"[771, 2693, 18, 2323, 2965, 2582, 2584, 408, 2078, 2341, 2597, 3110, 2728, 2733, 3248, 2737, 2996, 3129, 2363, 3012, 2245, 2123, 3027, 2265, 3038, 1638, 1131, 494, 1268, 118, 763]",11
2021-07-12,d73768c1902a5931b03ec7390573bb1a8b71a933bd2b875a8237c4525700eb7f,"[2.0, 11.0, 16.0, 18.0, 76.0, 96.0, 118.0, 122.0, 174.0, 201.0, 213.0, 256.0, 283.0, 292.0, 320.0, 337.0, 390.0, 408.0, 413.0, 419.0, 494.0, 571.0, 580.0, 744.0, 763.0, 771.0, 831.0, 863.0, 867.0, 891.0, 900.0, 936.0, 949.0, 953.0, 956.0, 1027.0, 1044.0, 1065.0, 1079.0, 1085.0, 1093.0, 1124.0, 1131.0, 1153.0, 1161.0, 1196.0, 1261.0, 1268.0, 1314.0, 1324.0, 1332.0, 1392.0, 1402.0, 1464.0, 1470.0, 1518.0, 1520.0, 1554.0, 1562.0, 1577.0, 1638.0, 1650.0, 1689.0, 1756.0, 1759.0, 1772.0, 1782.0, 1860.0, 1875.0, 1909.0, 1935.0, 1965.0, 2037.0, 2042.0, 2078.0, 2123.0, 2159.0, 2195.0, 2245.0, 2265.0, 2271.0, 2323.0, 2331.0, 2341.0, 2363.0, 2466.0, 2481.0, 2582.0, 2584.0, 2597.0, 2626.0, 2693.0, 2728.0, 2733.0, 2737.0, 2746.0, 2817.0, 2825.0, 2965.0, 2973.0, 2996.0, 3006.0, 3012.0, 3017.0, 3027.0, 3033.0, 3038.0, 3081.0, 3090.0, 3098.0, 3110.0, 3129.0, 3143.0, 3162.0, 3236.0, 3248.0]",TPLF captured southern Tigray including Alamata and Korem,Valid,"[""['042ae18ef7fbf015d627b4f7dff1d9bf0a18d587b2a75f8709402b38c3b6539b']"", ""['d96eb771693c9ea470eecfc372012b51e6cfd9e70f4140ddd943dda88a6d5c18']"", ""['ae6973f2c7b3cf442d2c0f8701498545b67cecf1870f391c4c1030480fa11df3']"", ""['50057e8ea2c98162c2299a5e2bb90db29ba0e6c8d850b1d644044882f2c9ca8c']"", ""['f8fc27e1178e0324f8ba7b8805d94c8a23c042e4d2ef1cba9d57730e38fcc18b']"", ""['33eb23101c87c7530d6ce82b1c48438a3e4c7048d101b3c4dd7e6676acf18b6b']"", ""['3254c2a8e38aefed58d8867b1f3657c0bac20e471cd1a6c10bfc8e13c3f3d934']"", ""['b9da2afc8bfae861ce707f67f45c5b148a35b4149532cd47e5da1d34facd6544']"", ""['39c21968a1e498b5682d20028e9264b02440a1ee9d4d4d9e8192092d4bebe794']"", ""['a54c1bb2c07cb629290248af192ca1c40ed434b6044927da08352379e0245c89']"", ""['f54b329d4127622dfb39ce20553ea03681ca598b1290aa6282dfb17f4557d894']"", ""['28d55e7013679585ddaba2334cb93f42fa9896695278526d610d62990020b0cd']"", ""['22786d7d339f72e0420cb3cf9c34ff46d119d78e33040d786a23225ecd59c3e3']"", ""['ce4d2764e2ce7b0b1803abfe971a08d559c0ce8f345113919e064c1ec3a38adc']"", ""['56222e8f00be3dd620eb8c4e9563443c75827d576cd8c602c24c1109ff185f1c']"", ""['e8f054a94b13d4bb41bfc03f2024da8d5324651a21e042d85e26b8677e716018']"", ""['e4156e3f2ddf5d79af673ab6dba4117c85990217a6f664fa0818a37f8be1a361']"", ""['9f47b145f5473fed7ce5fae16570fe75d39d7974a132229804b5e03d6f987760']"", ""['97c4631c05577d41510c2954f4ae330e055fe1f3cbdb3c965d1a3c54afd121a4']"", ""['8c6ffc00d95c848c11c5ffeaa08565af9a10fd73c635f9bfd4d2fc0da62b3f3e']"", ""['197876730fd06617a93bd6c18f729aab27922acfa7ceed2395c6f0bf5fe3b358']"", ""['5f2f0265695a55c310e79b90b6c3eecb0ab2ae526dc50dffdba0994988590679']"", ""['4ebf519f9102c258f52270f51c98694f412eba4b57899f83bf71f1fb115af8d8', 'c0ca5c01fa87b9a1c957f97b27dcf94ae549195a157a2c052eb1e3f35b0e4c3c']"", ""['c112af21be894bff0f07ae7c4982f6fa443ea4bccd4bce2e26af19ac4071a226']"", ""['094ede8140f728f8c1961987922418aa52fc1151db75e76830d8c6f8ef0bca9f']"", ""['e9d2955f517fa36398a400893d83f5c94f092ce522e4f99b9eca6b7910b35e86']"", ""['4a35bc0cec7e909bc42076d47bdf2364b1e60168e0d79aec20aa94de8792f6dc']"", ""['5fed4cb0b3755a47c0108e10eb95ff7d74d3ff4acd74d9f46428209843ed02dc']"", ""['a7a18d4ebe723a2b149fdeee01504b7b1b66d6eaa6817c411ccb479bc5b14b27']"", ""['0aa15cb3c766a874d8d2f66e28553f9f4b9ae19868a2545bb4b1395716a141a5']""]",True,110,"[2, 1027, 3081, 11, 16, 18, 1554, 1044, 3090, 2582, 2584, 1562, 3098, 2078, 2597, 3110, 1065, 1577, 1079, 3129, 571, 1085, 2626, 580, 1093, 3143, 2123, 76, 3162, 96, 1124, 1638, 1131, 2159, 118, 122, 1153, 2693, 1161, 2195, 1689, 3236, 2728, 1196, 2733, 174, 3248, 2737, 2746, 2245, 201, 213, 2265, 1756, 1759, 2271, 744, 1772, 1261, 1268, 1782, 763, 256, 771, 2825, 2323, 283, 2331, 1314, 292, 2341, 1324, 1332, 2363, 831, 1860, 337, 1875, 863, 867, 1392, 1402, 891, 900, 390, 1935, 2965, 408, 413, 2973, 2466, 419, 936, 1965, 2481, 2996, 949, 1464, 953, 1470, 3006, 3012, 3017, 3027, 3033, 3038, 494, 1518, 1520, 2037]",30
2021-07-20,cf1904a7897e05ca57f63806ff82fa0b3ee8d5f1d884e2ee62453384354efebf,"[2.0, 16.0, 18.0, 96.0, 174.0, 201.0, 233.0, 256.0, 292.0, 337.0, 344.0, 390.0, 408.0, 413.0, 473.0, 475.0, 494.0, 528.0, 544.0, 580.0, 763.0, 771.0, 831.0, 867.0, 891.0, 900.0, 937.0, 953.0, 956.0, 1027.0, 1044.0, 1065.0, 1070.0, 1079.0, 1131.0, 1196.0, 1258.0, 1268.0, 1314.0, 1332.0, 1392.0, 1402.0, 1464.0, 1470.0, 1518.0, 1520.0, 1554.0, 1638.0, 1756.0, 1759.0, 1776.0, 1782.0, 1875.0, 1934.0, 2037.0, 2078.0, 2123.0, 2159.0, 2195.0, 2235.0, 2245.0, 2265.0, 2271.0, 2300.0, 2341.0, 2363.0, 2466.0, 2481.0, 2582.0, 2584.0, 2626.0, 2659.0, 2693.0, 2733.0, 2737.0, 2965.0, 2973.0, 3017.0, 3033.0, 3081.0, 3090.0, 3098.0, 3129.0, 3314.0, 3316.0]",Kobo in Amhara region captured by TPLF,Valid,"[""['042ae18ef7fbf015d627b4f7dff1d9bf0a18d587b2a75f8709402b38c3b6539b']"", ""['d96eb771693c9ea470eecfc372012b51e6cfd9e70f4140ddd943dda88a6d5c18']"", ""['ae6973f2c7b3cf442d2c0f8701498545b67cecf1870f391c4c1030480fa11df3']"", ""['f8fc27e1178e0324f8ba7b8805d94c8a23c042e4d2ef1cba9d57730e38fcc18b']"", ""['33eb23101c87c7530d6ce82b1c48438a3e4c7048d101b3c4dd7e6676acf18b6b']"", ""['b9da2afc8bfae861ce707f67f45c5b148a35b4149532cd47e5da1d34facd6544']"", ""['39c21968a1e498b5682d20028e9264b02440a1ee9d4d4d9e8192092d4bebe794']"", ""['f54b329d4127622dfb39ce20553ea03681ca598b1290aa6282dfb17f4557d894']"", ""['53826d226a788e8e3c076c2bd8654320726e7ad04d579c7b15e98f18645d5f5a']"", ""['28d55e7013679585ddaba2334cb93f42fa9896695278526d610d62990020b0cd']"", ""['22786d7d339f72e0420cb3cf9c34ff46d119d78e33040d786a23225ecd59c3e3']"", ""['ce4d2764e2ce7b0b1803abfe971a08d559c0ce8f345113919e064c1ec3a38adc']"", ""['56222e8f00be3dd620eb8c4e9563443c75827d576cd8c602c24c1109ff185f1c']"", ""['e8f054a94b13d4bb41bfc03f2024da8d5324651a21e042d85e26b8677e716018']"", ""['e4156e3f2ddf5d79af673ab6dba4117c85990217a6f664fa0818a37f8be1a361']"", ""['9f47b145f5473fed7ce5fae16570fe75d39d7974a132229804b5e03d6f987760']"", ""['e830c060370e1e3f27d7a6b5960c895bada4b6ca18a3ae5f4c8dca2b366e51e8']"", ""['8c6ffc00d95c848c11c5ffeaa08565af9a10fd73c635f9bfd4d2fc0da62b3f3e']"", ""['197876730fd06617a93bd6c18f729aab27922acfa7ceed2395c6f0bf5fe3b358']"", ""['4ebf519f9102c258f52270f51c98694f412eba4b57899f83bf71f1fb115af8d8', 'c0ca5c01fa87b9a1c957f97b27dcf94ae549195a157a2c052eb1e3f35b0e4c3c']"", ""['c112af21be894bff0f07ae7c4982f6fa443ea4bccd4bce2e26af19ac4071a226']"", ""['094ede8140f728f8c1961987922418aa52fc1151db75e76830d8c6f8ef0bca9f']"", ""['e9d2955f517fa36398a400893d83f5c94f092ce522e4f99b9eca6b7910b35e86']"", ""['8c8ae039b6d5373bbbe2795066bd266bff137994094a22bc89149f1b06c031de']"", ""['6c37cc3042f7d5fcc9903cb0060dcfd269588404939046e7baf1b31cb78a5b9c']"", ""['5fed4cb0b3755a47c0108e10eb95ff7d74d3ff4acd74d9f46428209843ed02dc']"", ""['a7a18d4ebe723a2b149fdeee01504b7b1b66d6eaa6817c411ccb479bc5b14b27']"", ""['0aa15cb3c766a874d8d2f66e28553f9f4b9ae19868a2545bb4b1395716a141a5']"", ""['204dfd5d3e96066bc28ef20eb2de95f5ce5234cb81b5575c0df31295403ff477']""]",True,84,"[2, 1027, 3081, 16, 528, 18, 1554, 1044, 3090, 2582, 2584, 3098, 2078, 544, 1065, 1070, 1079, 3129, 2626, 580, 2123, 96, 2659, 1638, 1131, 2159, 2693, 2195, 1196, 2733, 174, 2737, 2235, 2245, 201, 2265, 1756, 1759, 2271, 233, 1258, 1776, 3314, 1268, 3316, 1782, 763, 2300, 256, 771, 1314, 292, 2341, 1332, 2363, 831, 337, 1875, 344, 867, 1392, 1402, 891, 900, 390, 1934, 2965, 408, 413, 2973, 2466, 937, 2481, 1464, 953, 1470, 3017, 473, 3033, 475, 494, 1518, 1520, 2037]",29
2021-10-29,6ce32b75ab6d09d217acc75d9b064eacb22a92829b7fbe5812e6499633a0f82b,"[3.0, 154.0, 170.0, 211.0, 278.0, 336.0, 370.0, 407.0, 433.0, 439.0, 445.0, 449.0, 511.0, 549.0, 555.0, 576.0, 621.0, 742.0, 762.0, 764.0, 780.0, 788.0, 826.0, 829.0, 853.0, 861.0, 912.0, 931.0, 979.0, 983.0, 992.0, 993.0, 1045.0, 1058.0, 1081.0, 1104.0, 1136.0, 1137.0, 1195.0, 1210.0, 1256.0, 1428.0, 1431.0, 1529.0, 1566.0, 1664.0, 1668.0, 1697.0, 1708.0, 1726.0, 1728.0, 1731.0, 1737.0, 1738.0, 1741.0, 1746.0, 1750.0, 1765.0, 1847.0, 1974.0, 2009.0, 2017.0, 2045.0, 2046.0, 2057.0, 2061.0, 2062.0, 2064.0, 2072.0, 2074.0, 2077.0, 2087.0, 2088.0, 2227.0, 2229.0, 2233.0, 2238.0, 2243.0, 2246.0, 2450.0, 2476.0, 2496.0, 2618.0, 2632.0, 2643.0, 2645.0, 2651.0, 2677.0, 2694.0, 2696.0, 2697.0, 2759.0, 2772.0, 2790.0, 2805.0, 2849.0, 2908.0, 2944.0, 2946.0, 2960.0, 2980.0, 2981.0, 2983.0, 3049.0, 3139.0, 3154.0, 3178.0, 3214.0, 3219.0, 3294.0]",TPLF captured the town of Dessie deep in Amhara Region,Valid,"[""['9825559c94d5d4902d42abcb143e83e39588e343e5bf2992e75b82c47c355d06']"", ""['438ea15f2a8cf44ff4a94b5671adf291e95819b1d30e86448f513d1e6cbcf653']"", ""['9542861ef164ee7a435765e5c44e4bcbbadc6afa7f99980ea2cd11350ba2db54']"", ""['47578c3590c4d6b296d21e13fa69fe36dfea4e7d5a96486b8f2a15cbf1a3131a']"", ""['21f04d3f27469b7d2f9dd17cee8dbe22eb515ed986eea13128087c8712d33d05']"", ""['6888e8b65706475990ff20c9f53abd73a2b1fb455cd2111d0b30435075e7e553']"", ""['897f49bae0f7ab24363b17c12491067386c250379790bb4d9c05191d4471d72b']"", ""['9f734b4af792093c8c9ef241666a46e106bd4475a94033137edf4ae849c39cc1']"", ""['8fbc3bb0559f2d51413b4f26881d2ecc0b03afc0c5d3aa82243c0d6d430a7518']"", ""['df0a87c8f86154406377ac79fbd95ca7483ea384d5bf7b254fb302c8d5592d44']"", ""['9bfe9dd46264ae3d2859653276027bdde88b7985b0ea68f27d59c808872468ea']"", ""['d84fd4c718fe914288a40c8ff63978fdc901056fe6c3314402e6b7e0670fb2f5']"", ""['8f55b4caaae76f6818a7b185e11401577a5ef30dd14672db6dce191c260d4e35']"", ""['00b61f9a0cb231a2fbc44ceb47ccbf41a4aad4f79128387c8b3dcd963f255064', '5fbbb5e200134bf64503563b26da05b9894c859bb559f9410512ef68aa20e5cc']"", ""['8cebfa7b2e6de2e3290299856a9f0aeca1708a94469d9c76bbb2b40d5d6aa4f1']"", ""['2fadceac2b5555089d67b533c1c64aeb8282a6ef7c38a62c9111741119f5e302']"", ""['249cc938aca9fed783d042313b712d5e8ea1610a0807016be843a49a6e6d7b67']"", ""['c460b4cbbd66b48b8df645774d88d969437e680225248d11ab4206ac69f625d5']"", ""['fe4bd5d162a5d68af057a645b152915aa8516376ddf9273f823dfe6d1543ba4a']"", ""['a0797774d23f86d3e5b35a971506ab4204027ed4dddc17f7afd577d30db72aa7']"", ""['c6f473fa3f93efdc1b66000616cfca53be331c58ea87114009d3e42f409e936d']"", ""['60217664fcf50d5e33c4ecbdca5883de525919c34f7918ea57129031c17153e4']"", ""['e1ff6111870749dc616769907ae0b3e7c8c0b294f2d0605991222cb7e89e87d8', 'c06effe7c880cb02265799d83ac03f28554a382cf387e8dc0758672783ec959f']"", ""['b0a38733d703b758aaa710dd1ec74dd12f77a72a1a8b15ca42ddffddf3741129']"", ""['7092e910951f48e8f9bb3cf5434f51cee575fe24d995680022ce742ec4e07635']"", ""['67994377a07345fb93aded094472360b9afd3efc94ee3e8c04e6beb921833b64']"", ""['6db12b2989ca1c21c83132935f2a0d1fbc269f897afa484856c058284385d659']"", ""['1b920bc636bf535325dff46addf4283f5871b6238495a5fc084d0727287aecc7']""]",True,98,"[3, 2057, 2061, 2062, 2064, 1045, 2072, 2074, 2077, 1566, 1058, 549, 2087, 2088, 555, 1081, 2618, 576, 3139, 2632, 1104, 3154, 2643, 2645, 2651, 3178, 621, 1136, 2677, 1664, 1668, 2694, 2696, 2697, 3214, 3219, 154, 1697, 170, 1195, 1708, 2227, 2229, 2233, 1210, 2238, 1728, 1731, 2243, 2246, 2759, 1737, 1738, 1741, 1746, 1750, 3294, 742, 2790, 1256, 2805, 762, 764, 788, 278, 2849, 1847, 826, 829, 336, 853, 2908, 370, 2944, 2946, 912, 2960, 2450, 1428, 407, 931, 2980, 2981, 2476, 433, 1974, 439, 445, 449, 979, 983, 2009, 992, 993, 2017, 3049, 2046, 511]",28
2021-10-30,2e27c60c0eb45b4abdbc5c6837f34a172b9404c7b85c6743ba7791617d6b692c,"[433.0, 449.0, 742.0, 829.0, 1431.0, 1664.0, 2017.0, 2072.0, 2476.0, 2632.0, 2645.0, 2651.0, 2805.0]",TPLF captured the town Kombolcha important manufacturing hub,Valid,"[""['9825559c94d5d4902d42abcb143e83e39588e343e5bf2992e75b82c47c355d06']"", ""['fe4bd5d162a5d68af057a645b152915aa8516376ddf9273f823dfe6d1543ba4a']"", ""['6888e8b65706475990ff20c9f53abd73a2b1fb455cd2111d0b30435075e7e553']"", ""['6db12b2989ca1c21c83132935f2a0d1fbc269f897afa484856c058284385d659']"", ""['c6f473fa3f93efdc1b66000616cfca53be331c58ea87114009d3e42f409e936d']"", ""['2fadceac2b5555089d67b533c1c64aeb8282a6ef7c38a62c9111741119f5e302']"", ""['8cebfa7b2e6de2e3290299856a9f0aeca1708a94469d9c76bbb2b40d5d6aa4f1']""]",True,12,"[1664, 449, 2017, 742, 2632, 2476, 433, 2645, 2805, 2072, 2651, 829]",7
2021-10-31,3e8f7d051a23e851a30a70e618e08d87b128fa5a3b8276cfc52d5d0216e50e58,"[0.0, 3.0, 131.0, 154.0, 163.0, 170.0, 177.0, 181.0, 194.0, 197.0, 211.0, 214.0, 229.0, 262.0, 278.0, 290.0, 336.0, 370.0, 402.0, 407.0, 411.0, 430.0, 433.0, 439.0, 449.0, 450.0, 477.0, 511.0, 548.0, 549.0, 555.0, 576.0, 582.0, 591.0, 621.0, 625.0, 660.0, 661.0, 671.0, 742.0, 759.0, 762.0, 764.0, 780.0, 788.0, 826.0, 829.0, 853.0, 858.0, 861.0, 882.0, 912.0, 931.0, 943.0, 945.0, 946.0, 979.0, 983.0, 988.0, 990.0, 992.0, 993.0, 1018.0, 1045.0, 1046.0, 1058.0, 1062.0, 1081.0, 1095.0, 1104.0, 1108.0, 1126.0, 1136.0, 1137.0, 1195.0, 1199.0, 1206.0, 1210.0, 1222.0, 1256.0, 1269.0, 1312.0, 1317.0, 1380.0, 1394.0, 1428.0, 1431.0, 1451.0, 1456.0, 1471.0, 1482.0, 1529.0, 1531.0, 1538.0, 1549.0, 1559.0, 1566.0, 1622.0, 1623.0, 1642.0, 1655.0, 1661.0, 1664.0, 1665.0, 1668.0, 1669.0, 1671.0, 1697.0, 1708.0, 1726.0, 1728.0, 1731.0, 1737.0, 1738.0, 1740.0, 1741.0, 1746.0, 1750.0, 1765.0, 1789.0, 1790.0, 1808.0, 1839.0, 1847.0, 1850.0, 1851.0, 1859.0, 1866.0, 1889.0, 1905.0, 1913.0, 1920.0, 1949.0, 1955.0, 1971.0, 1974.0, 1982.0, 1985.0, 1993.0, 2003.0, 2009.0, 2010.0, 2017.0, 2025.0, 2027.0, 2045.0, 2046.0, 2047.0, 2057.0, 2061.0, 2062.0, 2064.0, 2068.0, 2072.0, 2074.0, 2077.0, 2087.0, 2088.0, 2198.0, 2227.0, 2229.0, 2233.0, 2238.0, 2243.0, 2246.0, 2282.0, 2293.0, 2296.0, 2298.0, 2450.0, 2476.0, 2477.0, 2479.0, 2496.0, 2498.0, 2570.0, 2588.0, 2589.0, 2592.0, 2610.0, 2613.0, 2618.0, 2628.0, 2630.0, 2632.0, 2643.0, 2645.0, 2651.0, 2677.0, 2694.0, 2696.0, 2697.0, 2759.0, 2772.0, 2790.0, 2805.0, 2849.0, 2861.0, 2908.0, 2944.0, 2946.0, 2948.0, 2960.0, 2980.0, 2981.0, 2983.0, 3049.0, 3051.0, 3055.0, 3064.0, 3074.0, 3118.0, 3139.0, 3154.0, 3160.0, 3178.0, 3214.0, 3219.0, 3294.0, 3312.0]","TPLF-OLA (Oromo Liberation Army) joint offensive reached northern Shewa, around 190 km from the federal capital, Addis Ababa; Federal Government declared 6-month state of emergency",Valid,"[""['0dbf71c50660f2b78c71ed1c00e6d5dbe096193680148d93fa530cd1a5ac7822']"", ""['9825559c94d5d4902d42abcb143e83e39588e343e5bf2992e75b82c47c355d06']"", ""['438ea15f2a8cf44ff4a94b5671adf291e95819b1d30e86448f513d1e6cbcf653']"", ""['9542861ef164ee7a435765e5c44e4bcbbadc6afa7f99980ea2cd11350ba2db54']"", ""['47578c3590c4d6b296d21e13fa69fe36dfea4e7d5a96486b8f2a15cbf1a3131a']"", ""['21f04d3f27469b7d2f9dd17cee8dbe22eb515ed986eea13128087c8712d33d05']"", ""['6888e8b65706475990ff20c9f53abd73a2b1fb455cd2111d0b30435075e7e553']"", ""['f4fd207f045f01ef1407b6a5c3bb40faa4280a4b8e003bdaf48ebcea66c22308']"", ""['897f49bae0f7ab24363b17c12491067386c250379790bb4d9c05191d4471d72b']"", ""['9f734b4af792093c8c9ef241666a46e106bd4475a94033137edf4ae849c39cc1']"", ""['8fbc3bb0559f2d51413b4f26881d2ecc0b03afc0c5d3aa82243c0d6d430a7518']"", ""['cc2a5686bfe5695064ef5a9309d1dfa9ee96630f2380d4c2ca099aae0ca8dee1']"", ""['df0a87c8f86154406377ac79fbd95ca7483ea384d5bf7b254fb302c8d5592d44']"", ""['6bd4acc734b6d48c6e35348e571fdad3276ea5361397c557f764cf19c85fdb76']"", ""['dcdfa4418586dc0dc00e33dcf78461a156ee0aa13a3cc926a83c891edd25fe14']"", ""['a29666311cd6715fe92a5584fc81af80e802861071648b794ec8c65063996005']"", ""['9bfe9dd46264ae3d2859653276027bdde88b7985b0ea68f27d59c808872468ea']"", ""['d84fd4c718fe914288a40c8ff63978fdc901056fe6c3314402e6b7e0670fb2f5']"", ""['00b61f9a0cb231a2fbc44ceb47ccbf41a4aad4f79128387c8b3dcd963f255064', '5fbbb5e200134bf64503563b26da05b9894c859bb559f9410512ef68aa20e5cc']"", ""['8f55b4caaae76f6818a7b185e11401577a5ef30dd14672db6dce191c260d4e35']"", ""['8cebfa7b2e6de2e3290299856a9f0aeca1708a94469d9c76bbb2b40d5d6aa4f1']"", ""['2fadceac2b5555089d67b533c1c64aeb8282a6ef7c38a62c9111741119f5e302']"", ""['42c71e5431c45a3add828a6d693d67c588198d2077a800fcccf31ba5a7110675']"", ""['136fac0f7c6c2ec22843f59bf502acb86ea268abd0285633c7239a6e1f7bb73b', '87feb3aaa09b7bae81a9d37ca203a1dda7a3bebacb726a8e0c4ef1309bdbc24d', '5f2d2c5187d14dfaa9351597cd41ac8028911057eb0f93119664d5c01c19b7c1', 'e9acaf5b6b2a8ddc64914b928aa9865ecdcf77a0f90243fcac933dfda2d0fc49']"", ""['249cc938aca9fed783d042313b712d5e8ea1610a0807016be843a49a6e6d7b67']"", ""['6db12b2989ca1c21c83132935f2a0d1fbc269f897afa484856c058284385d659']"", ""['c7dd08864ac71a193e60b79a93b1622d6cb5c0958404893bdaf73e5891cefa39']"", ""['c460b4cbbd66b48b8df645774d88d969437e680225248d11ab4206ac69f625d5']"", ""['1f88725a3e67c6cf98eb41a162d198850a04873327cb831bd2d882b8de0ce8c9']"", ""['f505ee63fcdead756438231640d722df652ff0f9fb06ef7b1e1bd90930bb1507']"", ""['2cf1d2205cbc5f2cf986310f0f062f60815ecd5a0a888b0f864ae7f3d4602d4c']"", ""['fe4bd5d162a5d68af057a645b152915aa8516376ddf9273f823dfe6d1543ba4a']"", ""['9c1c175e31ade1d566275861bbd47ae0b97f71df64cb0e7ab6073294c5bc373d']"", ""['7725a5b3b1c3fbc759deccd2ab4ad76fb239f7d934ee0abf246c9f05990141d9']"", ""['a0797774d23f86d3e5b35a971506ab4204027ed4dddc17f7afd577d30db72aa7']"", ""['bbb0433d6fba4358f20d7d6c750a0abb450556a489cb773e5876887629fe7be5']"", ""['be1ad521f8b6df684522b04bfd2d9f5a77f1b693575307564f81722b59932f3c']"", ""['c6f473fa3f93efdc1b66000616cfca53be331c58ea87114009d3e42f409e936d']"", ""['691f1df8c8d143b734324f1a63cc616bebcc8700bd6834763d1fafa40842a395']"", ""['60217664fcf50d5e33c4ecbdca5883de525919c34f7918ea57129031c17153e4']"", ""['e1ff6111870749dc616769907ae0b3e7c8c0b294f2d0605991222cb7e89e87d8', 'c06effe7c880cb02265799d83ac03f28554a382cf387e8dc0758672783ec959f']"", ""['b0a38733d703b758aaa710dd1ec74dd12f77a72a1a8b15ca42ddffddf3741129']"", ""['7092e910951f48e8f9bb3cf5434f51cee575fe24d995680022ce742ec4e07635']"", ""['a6a5df47d93e1b4b299511af837387dace904f08b3a0e411597e37f38610d3c4']"", ""['b01b24fb807baa5a6aa8e548ebc63cf1160aed477fabd1ec87a143a288a72f13']"", ""['e2a006f0781c07aa1204d6e99f502f057abad17c462d273ca5f9680fe734b78c']"", ""['67994377a07345fb93aded094472360b9afd3efc94ee3e8c04e6beb921833b64']"", ""['4dc83fb671cf9902099e6f44157eb4ad50c7b91390f90914a2681c056b8cab1f']"", ""['1b920bc636bf535325dff46addf4283f5871b6238495a5fc084d0727287aecc7']"", ""['d9dbe6fb189d025ca32aaf4273a77c586cc3e1077d7d21bbddd8731e06409281']""]",True,199,"[0, 1538, 3, 3074, 2057, 2570, 1549, 2061, 2062, 2064, 2068, 1045, 1046, 1559, 2072, 2074, 2077, 1566, 2589, 2592, 1058, 549, 1062, 2087, 2088, 555, 3118, 2610, 2613, 1081, 2618, 2047, 576, 3139, 2628, 582, 1095, 2630, 2632, 591, 1104, 3154, 2643, 1108, 2645, 1622, 1623, 3160, 2651, 1126, 1642, 3178, 621, 1136, 625, 2677, 1655, 1661, 1664, 1665, 131, 1668, 1669, 2694, 1671, 2696, 2697, 3214, 3219, 2198, 154, 671, 1697, 163, 170, 1195, 1708, 1199, 177, 2227, 181, 1206, 2229, 2233, 1210, 2238, 1728, 194, 1731, 2243, 197, 1222, 2246, 2759, 1737, 1738, 1740, 1741, 1746, 214, 1750, 3294, 229, 742, 2790, 1256, 2282, 3312, 1269, 2293, 759, 2296, 2805, 762, 2298, 764, 1789, 1790, 1808, 788, 278, 1312, 2849, 290, 1317, 2861, 1847, 826, 1851, 829, 1859, 1866, 336, 853, 858, 2908, 1889, 1380, 1905, 370, 882, 1394, 1913, 1920, 2944, 2946, 2948, 912, 2960, 402, 2450, 1428, 407, 411, 1949, 931, 1955, 2980, 2981, 1451, 2476, 2477, 430, 943, 1456, 433, 945, 946, 1971, 2479, 1974, 439, 1982, 449, 450, 1985, 2498, 1993, 1482, 979, 2003, 983, 2009, 988, 477, 990, 992, 993, 2017, 2025, 3049, 2027, 3051, 3055, 3064, 1018, 1531, 2046, 511]",50
2021-11-23,b506f106029e2e6256b3401c626ac5dc37982d01d00324b330952e6a404a8ef3,"[532.0, 612.0, 1202.0, 1487.0, 1736.0, 2767.0, 2768.0, 2811.0, 3094.0]",PM Abiy went to the war front,Valid,"[""['f40700dd4cbb06c9a9f448a073501a7d8a8024bbf2b7b471c63cace99c4d80de']"", ""['899024f3b8ada2b72006f71a377181d001af042ad1d4f465d56cf9599b0f2049']"", ""['b2340e3aa745b570f919cae11a46278f4f66c52c5eb08193d1a35619dbcc4977']"", ""['0702afcaf6ae8fdc8f314483e794e931b2364373318873ae58a1d461f05d22c6']"", ""['70abc3f084d8d1f1f5f4fd425ac836963525d8df81c07a7929ed1a907e3f4c4e']"", ""['1814cc20a200d6bf5b7e99782107b3aba746f056e1a6aa3b94be5418cb661426']""]",True,9,"[612, 1736, 1487, 2767, 2768, 1202, 532, 3094, 2811]",6
2021-11-28,b11bca00e2d06f539ab97e9ebb4178e43dbd5c39b7dee336007ab2f0006612c0,"[3.0, 21.0, 78.0, 88.0, 129.0, 183.0, 204.0, 228.0, 236.0, 291.0, 339.0, 374.0, 402.0, 464.0, 465.0, 474.0, 478.0, 520.0, 532.0, 533.0, 572.0, 612.0, 614.0, 628.0, 665.0, 707.0, 740.0, 754.0, 770.0, 784.0, 818.0, 857.0, 893.0, 919.0, 927.0, 935.0, 938.0, 1011.0, 1036.0, 1051.0, 1099.0, 1114.0, 1147.0, 1157.0, 1170.0, 1174.0, 1202.0, 1204.0, 1207.0, 1225.0, 1253.0, 1326.0, 1343.0, 1433.0, 1477.0, 1487.0, 1493.0, 1516.0, 1558.0, 1582.0, 1583.0, 1593.0, 1602.0, 1605.0, 1611.0, 1660.0, 1671.0, 1690.0, 1693.0, 1695.0, 1696.0, 1699.0, 1706.0, 1707.0, 1729.0, 1736.0, 1743.0, 1744.0, 1748.0, 1751.0, 1757.0, 1767.0, 1783.0, 1784.0, 1792.0, 1805.0, 1838.0, 1904.0, 1905.0, 1914.0, 1926.0, 1929.0, 1931.0, 1979.0, 1990.0, 2009.0, 2012.0, 2025.0, 2060.0, 2061.0, 2071.0, 2072.0, 2074.0, 2077.0, 2079.0, 2090.0, 2137.0, 2197.0, 2230.0, 2238.0, 2241.0, 2290.0, 2295.0, 2311.0, 2318.0, 2350.0, 2429.0, 2442.0, 2462.0, 2478.0, 2548.0, 2555.0, 2576.0, 2599.0, 2612.0, 2619.0, 2620.0, 2625.0, 2643.0, 2652.0, 2657.0, 2661.0, 2675.0, 2692.0, 2705.0, 2719.0, 2767.0, 2768.0, 2811.0, 2849.0, 2919.0, 2931.0, 2936.0, 2938.0, 2969.0, 2972.0, 3001.0, 3002.0, 3037.0, 3052.0, 3054.0, 3056.0, 3067.0, 3094.0, 3237.0]","ENDF took control of Chifra, Afar Region",Valid,"[""['1b920bc636bf535325dff46addf4283f5871b6238495a5fc084d0727287aecc7']"", ""['b2340e3aa745b570f919cae11a46278f4f66c52c5eb08193d1a35619dbcc4977']"", ""['1ce85a55ab782a6cd29ccb55546b13f5c6b3e93fb684dd853cd2d7140ebf4454']"", ""['fb1e9b1973b6173d037355371eaec7a1a4e228a11cfd272fb1871f5eb9580b29']"", ""['9f734b4af792093c8c9ef241666a46e106bd4475a94033137edf4ae849c39cc1']"", ""['0702afcaf6ae8fdc8f314483e794e931b2364373318873ae58a1d461f05d22c6']"", ""['a29666311cd6715fe92a5584fc81af80e802861071648b794ec8c65063996005']"", ""['9bfe9dd46264ae3d2859653276027bdde88b7985b0ea68f27d59c808872468ea']"", ""['00b61f9a0cb231a2fbc44ceb47ccbf41a4aad4f79128387c8b3dcd963f255064', '5fbbb5e200134bf64503563b26da05b9894c859bb559f9410512ef68aa20e5cc']"", ""['2b24fb43d3e19be65628ad0d11c2ac20288907e99437ca89815285637f4430a9']"", ""['0ed49c1d87e7be51992890fe64a949383cea92c542efd3f53aeceb4458906f57']"", ""['42c71e5431c45a3add828a6d693d67c588198d2077a800fcccf31ba5a7110675']"", ""['1683fd211aa3219eef3048f4f2610738bc0a1be996614805027225e05a916c4b']"", ""['136fac0f7c6c2ec22843f59bf502acb86ea268abd0285633c7239a6e1f7bb73b', '87feb3aaa09b7bae81a9d37ca203a1dda7a3bebacb726a8e0c4ef1309bdbc24d', '5f2d2c5187d14dfaa9351597cd41ac8028911057eb0f93119664d5c01c19b7c1', 'e9acaf5b6b2a8ddc64914b928aa9865ecdcf77a0f90243fcac933dfda2d0fc49']"", ""['9c1c175e31ade1d566275861bbd47ae0b97f71df64cb0e7ab6073294c5bc373d']"", ""['7725a5b3b1c3fbc759deccd2ab4ad76fb239f7d934ee0abf246c9f05990141d9']"", ""['80580d17b02d0b5dfaf5b4047cde5b9f37b2e11bcc212ae35f282a306e406b8e']"", ""['1814cc20a200d6bf5b7e99782107b3aba746f056e1a6aa3b94be5418cb661426']"", ""['fcd2494e2b1c7800df2cd2acd5f5e38000f20d6cf560a43930c638f84be91234']"", ""['e1ff6111870749dc616769907ae0b3e7c8c0b294f2d0605991222cb7e89e87d8', 'c06effe7c880cb02265799d83ac03f28554a382cf387e8dc0758672783ec959f']"", ""['f40700dd4cbb06c9a9f448a073501a7d8a8024bbf2b7b471c63cace99c4d80de']"", ""['6f8ea52704af0b62ac873c5920fd4b91fe3b25da308521d273119678d324d7b1']"", ""['77ed9c1584aeff12cb991516712fafc6ff53dd51d7d3c6fae17217f0745954c6']"", ""['899024f3b8ada2b72006f71a377181d001af042ad1d4f465d56cf9599b0f2049']"", ""['117fcbc272e96422017d24de541f7f002661cdf220249c95a81ca50cec7e1001']"", ""['bec54b36019c174e6879762de8f4a3c240017749260eab9e37e89f3f149f355c']"", ""['70abc3f084d8d1f1f5f4fd425ac836963525d8df81c07a7929ed1a907e3f4c4e']"", ""['4dc83fb671cf9902099e6f44157eb4ad50c7b91390f90914a2681c056b8cab1f']"", ""['f3382e002b9eb20ed678a7d9821845f6b96f1e4e3b51eb01931ebe85ce1b7f51']"", ""['8cebfa7b2e6de2e3290299856a9f0aeca1708a94469d9c76bbb2b40d5d6aa4f1']""]",True,132,"[3, 2060, 2061, 2576, 532, 533, 1558, 3094, 2072, 2074, 1051, 2077, 2079, 2599, 2090, 1582, 2612, 2619, 572, 2620, 1602, 1605, 1099, 1611, 78, 2643, 88, 1114, 2657, 612, 2661, 2675, 628, 1147, 1660, 129, 1157, 1671, 2705, 2197, 1174, 1690, 1693, 1695, 1696, 1699, 3237, 1706, 1707, 1202, 2230, 183, 1207, 2238, 1729, 2241, 707, 1736, 1225, 204, 1743, 1744, 2767, 2768, 1748, 1757, 228, 1253, 1767, 236, 2290, 1783, 2295, 2811, 1792, 770, 2311, 1805, 2318, 784, 2849, 291, 1326, 1838, 2350, 818, 1343, 339, 857, 2919, 1904, 1905, 2931, 374, 2936, 1914, 2938, 893, 2429, 1926, 1929, 1931, 402, 919, 1433, 2969, 2972, 2462, 927, 935, 2478, 3001, 3002, 1979, 1477, 1990, 1487, 464, 465, 1493, 2009, 474, 2012, 3037, 478, 2025, 1516, 3052, 3054, 3056, 2548, 2555]",30
2021-12-01,c3b923568039d92394006d0c8af3a29de0be500b5c325abbea88fa158769cba2,"[72.0, 79.0, 183.0, 204.0, 228.0, 291.0, 339.0, 374.0, 464.0, 465.0, 474.0, 476.0, 478.0, 497.0, 532.0, 533.0, 543.0, 572.0, 612.0, 614.0, 619.0, 665.0, 754.0, 770.0, 784.0, 857.0, 869.0, 893.0, 895.0, 919.0, 932.0, 935.0, 938.0, 1011.0, 1036.0, 1099.0, 1157.0, 1165.0, 1170.0, 1174.0, 1202.0, 1204.0, 1207.0, 1225.0, 1253.0, 1343.0, 1433.0, 1487.0, 1515.0, 1516.0, 1544.0, 1582.0, 1602.0, 1605.0, 1611.0, 1688.0, 1690.0, 1693.0, 1694.0, 1695.0, 1696.0, 1699.0, 1706.0, 1707.0, 1729.0, 1736.0, 1743.0, 1744.0, 1748.0, 1751.0, 1757.0, 1767.0, 1783.0, 1784.0, 1792.0, 1805.0, 1838.0, 1914.0, 1931.0, 1986.0, 1990.0, 2071.0, 2090.0, 2137.0, 2197.0, 2230.0, 2241.0, 2290.0, 2295.0, 2318.0, 2350.0, 2442.0, 2462.0, 2576.0, 2599.0, 2619.0, 2620.0, 2625.0, 2657.0, 2692.0, 2705.0, 2719.0, 2767.0, 2768.0, 2811.0, 2919.0, 2931.0, 2936.0, 2938.0, 2972.0, 3001.0, 3002.0, 3037.0, 3052.0, 3054.0, 3056.0, 3094.0, 3108.0]",ENDF took control of Shewa Robit 220 k from Addis Ababa,Valid,"[""['f40700dd4cbb06c9a9f448a073501a7d8a8024bbf2b7b471c63cace99c4d80de']"", ""['62251fe748c4e81ea4db6640ca0f0a9d550a20158b73c08c493c340a68a02117']"", ""['e1ff6111870749dc616769907ae0b3e7c8c0b294f2d0605991222cb7e89e87d8', 'c06effe7c880cb02265799d83ac03f28554a382cf387e8dc0758672783ec959f']"", ""['77ed9c1584aeff12cb991516712fafc6ff53dd51d7d3c6fae17217f0745954c6']"", ""['899024f3b8ada2b72006f71a377181d001af042ad1d4f465d56cf9599b0f2049']"", ""['117fcbc272e96422017d24de541f7f002661cdf220249c95a81ca50cec7e1001']"", ""['f3382e002b9eb20ed678a7d9821845f6b96f1e4e3b51eb01931ebe85ce1b7f51']"", ""['b2340e3aa745b570f919cae11a46278f4f66c52c5eb08193d1a35619dbcc4977']"", ""['0702afcaf6ae8fdc8f314483e794e931b2364373318873ae58a1d461f05d22c6']"", ""['bec54b36019c174e6879762de8f4a3c240017749260eab9e37e89f3f149f355c']"", ""['1814cc20a200d6bf5b7e99782107b3aba746f056e1a6aa3b94be5418cb661426']"", ""['70abc3f084d8d1f1f5f4fd425ac836963525d8df81c07a7929ed1a907e3f4c4e']"", ""['fcd2494e2b1c7800df2cd2acd5f5e38000f20d6cf560a43930c638f84be91234']"", ""['10b782c3a76c3ef9cbb2733a4f6ab9d01080fe363e88fb24f4f5c2d56b3e37ef']"", ""['2b24fb43d3e19be65628ad0d11c2ac20288907e99437ca89815285637f4430a9']"", ""['fb1e9b1973b6173d037355371eaec7a1a4e228a11cfd272fb1871f5eb9580b29']"", ""['f24d36463be31ddb40a6cd97b0155e55764f73f6d7ade67d15e53a3a4c90acf8']""]",True,94,"[2576, 532, 533, 3094, 543, 2599, 2090, 1582, 2619, 572, 2620, 1602, 1605, 1099, 1611, 2657, 612, 1157, 2705, 2197, 1174, 1688, 1690, 1693, 1694, 1695, 1696, 1699, 1706, 1707, 1202, 2230, 183, 1207, 1729, 2241, 1736, 1225, 204, 1743, 1744, 2767, 2768, 1748, 1757, 228, 1253, 1767, 2290, 2295, 1783, 2811, 1792, 770, 1805, 2318, 784, 291, 1838, 2350, 1343, 339, 857, 869, 2919, 2931, 374, 2936, 1914, 2938, 893, 895, 1931, 919, 1433, 2972, 2462, 932, 935, 3001, 3002, 1990, 1487, 464, 465, 474, 476, 3037, 478, 1516, 3052, 3054, 3056, 497]",17
2021-12-05,87c46127a5a52c1625703c855a3c01cab2ffbdc01d0683fcb8573a5363e33b2e,"[72.0, 79.0, 173.0, 183.0, 204.0, 246.0, 248.0, 339.0, 374.0, 467.0, 476.0, 497.0, 543.0, 551.0, 614.0, 619.0, 754.0, 857.0, 869.0, 893.0, 895.0, 919.0, 932.0, 1011.0, 1078.0, 1157.0, 1165.0, 1170.0, 1174.0, 1204.0, 1225.0, 1253.0, 1381.0, 1544.0, 1602.0, 1688.0, 1690.0, 1693.0, 1694.0, 1695.0, 1696.0, 1699.0, 1703.0, 1706.0, 1751.0, 1891.0, 1986.0, 1990.0, 2090.0, 2137.0, 2144.0, 2241.0, 2290.0, 2350.0, 2442.0, 2462.0, 2619.0, 2620.0, 2625.0, 2657.0, 2663.0, 2692.0, 2741.0, 2931.0, 2936.0, 2938.0, 2972.0, 3056.0, 3108.0, 3130.0]",ENDF captured Dessie and Kombolcha,Valid,"[""['f40700dd4cbb06c9a9f448a073501a7d8a8024bbf2b7b471c63cace99c4d80de']"", ""['62251fe748c4e81ea4db6640ca0f0a9d550a20158b73c08c493c340a68a02117']"", ""['77ed9c1584aeff12cb991516712fafc6ff53dd51d7d3c6fae17217f0745954c6']"", ""['f3382e002b9eb20ed678a7d9821845f6b96f1e4e3b51eb01931ebe85ce1b7f51']"", ""['fb1e9b1973b6173d037355371eaec7a1a4e228a11cfd272fb1871f5eb9580b29']"", ""['0702afcaf6ae8fdc8f314483e794e931b2364373318873ae58a1d461f05d22c6']"", ""['bec54b36019c174e6879762de8f4a3c240017749260eab9e37e89f3f149f355c']"", ""['70abc3f084d8d1f1f5f4fd425ac836963525d8df81c07a7929ed1a907e3f4c4e']"", ""['10b782c3a76c3ef9cbb2733a4f6ab9d01080fe363e88fb24f4f5c2d56b3e37ef']"", ""['c4359e1fa6ab0ee4f8f032b0c5d9350bab47a7a69e3175f8ea47a763e82914f8']"", ""['2b24fb43d3e19be65628ad0d11c2ac20288907e99437ca89815285637f4430a9']"", ""['7a328c4741e7295b74b814fb58a002e211327437f930c926996d504a6dbcc638']"", ""['f24d36463be31ddb40a6cd97b0155e55764f73f6d7ade67d15e53a3a4c90acf8']""]",True,48,"[1157, 1174, 919, 1688, 1690, 2972, 1693, 1694, 543, 1695, 1696, 2462, 1699, 932, 1703, 1706, 2090, 173, 2350, 2936, 2741, 183, 2619, 2620, 2241, 1602, 1990, 1225, 204, 339, 467, 857, 476, 2144, 2657, 869, 1253, 1381, 2663, 3056, 497, 2290, 2931, 374, 248, 2938, 893, 895]",13
2021-12-18,b5f96f23194bc9ff4a0fa445c607902fc09ee91e017a2c77518426afd5ac1a00,"[21.0, 72.0, 79.0, 160.0, 173.0, 179.0, 183.0, 203.0, 204.0, 207.0, 215.0, 218.0, 228.0, 246.0, 248.0, 339.0, 374.0, 463.0, 464.0, 465.0, 467.0, 474.0, 476.0, 478.0, 479.0, 483.0, 497.0, 520.0, 529.0, 532.0, 533.0, 534.0, 535.0, 536.0, 543.0, 547.0, 551.0, 572.0, 607.0, 614.0, 619.0, 665.0, 680.0, 747.0, 754.0, 770.0, 784.0, 806.0, 830.0, 832.0, 838.0, 843.0, 857.0, 869.0, 892.0, 893.0, 895.0, 919.0, 932.0, 935.0, 938.0, 1011.0, 1036.0, 1052.0, 1072.0, 1078.0, 1086.0, 1099.0, 1110.0, 1157.0, 1158.0, 1165.0, 1170.0, 1174.0, 1188.0, 1200.0, 1202.0, 1204.0, 1207.0, 1208.0, 1225.0, 1253.0, 1255.0, 1339.0, 1343.0, 1344.0, 1355.0, 1381.0, 1401.0, 1417.0, 1439.0, 1480.0, 1487.0, 1513.0, 1515.0, 1544.0, 1579.0, 1582.0, 1583.0, 1590.0, 1593.0, 1602.0, 1604.0, 1611.0, 1666.0, 1688.0, 1690.0, 1692.0, 1693.0, 1694.0, 1695.0, 1696.0, 1699.0, 1703.0, 1706.0, 1707.0, 1724.0, 1725.0, 1729.0, 1730.0, 1733.0, 1736.0, 1742.0, 1743.0, 1744.0, 1745.0, 1748.0, 1751.0, 1757.0, 1764.0, 1767.0, 1780.0, 1783.0, 1784.0, 1838.0, 1891.0, 1911.0, 1946.0, 1970.0, 1986.0, 1990.0, 2007.0, 2066.0, 2069.0, 2075.0, 2090.0, 2122.0, 2137.0, 2141.0, 2144.0, 2197.0, 2230.0, 2241.0, 2290.0, 2318.0, 2319.0, 2321.0, 2332.0, 2350.0, 2439.0, 2442.0, 2459.0, 2462.0, 2528.0, 2576.0, 2577.0, 2579.0, 2599.0, 2619.0, 2620.0, 2625.0, 2657.0, 2663.0, 2666.0, 2668.0, 2692.0, 2700.0, 2704.0, 2705.0, 2717.0, 2729.0, 2735.0, 2741.0, 2744.0, 2765.0, 2767.0, 2768.0, 2779.0, 2858.0, 2931.0, 2936.0, 2938.0, 2945.0, 2972.0, 2987.0, 2994.0, 2998.0, 3000.0, 3001.0, 3002.0, 3004.0, 3009.0, 3037.0, 3052.0, 3054.0, 3056.0, 3067.0, 3094.0, 3108.0, 3130.0, 3319.0]","Legesse Tulu, head of Government Communication Service, announced that government forces have taken control of several towns from TPLF, including:Weldiya,Kobo,Lalibela,Hara,Robit, Sanqa, Sirinka, Hamusit, Estaysh, Ahun Tegen, Dilb, and Kul Mesk.",Valid,"[""['fb30dab302a881759348fa298b6be0691a02b1e264aa427b0e7bca775ac0f24c']"", ""['16a538bef753dfad03dd3c6a6c9a1b05133302dcb1e4e9763d8df662b581df21']"", ""['b2340e3aa745b570f919cae11a46278f4f66c52c5eb08193d1a35619dbcc4977']"", ""['5ebf279fac5a257b27da593983386d1fd658d4e13361795a65ccdbf87ebbb409']"", ""['e887daaaea89c72e326ad1864b8e89f7f50dbcfe07de4dfd149ce901c2f778a2']"", ""['10b782c3a76c3ef9cbb2733a4f6ab9d01080fe363e88fb24f4f5c2d56b3e37ef']"", ""['deba5a7926dbe5df85439828bcfa97bf58fbcd381b5a906c114aa4c5f0a0670f']"", ""['fb1e9b1973b6173d037355371eaec7a1a4e228a11cfd272fb1871f5eb9580b29']"", ""['06996ff95737017fca3999cf449661ab9c3a0b7bc034c305e72e2501643117ab']"", ""['f24d36463be31ddb40a6cd97b0155e55764f73f6d7ade67d15e53a3a4c90acf8']"", ""['52db005cf509f0aee9f19d77c47322fd9c57d42dec9ccb479c017d7c1e4834b6']"", ""['0702afcaf6ae8fdc8f314483e794e931b2364373318873ae58a1d461f05d22c6']"", ""['6202664eb970161f0f3018ce12caeb270e2014b794a3e60debc2c37169967c30']"", ""['2b24fb43d3e19be65628ad0d11c2ac20288907e99437ca89815285637f4430a9']"", ""['1fa29e3ec2fc78ac1ddc841dabae1ea92016fce0585abd0e2827282970a44404']"", ""['1814cc20a200d6bf5b7e99782107b3aba746f056e1a6aa3b94be5418cb661426']"", ""['583ec8bed306654a2c6cb64212287f3381034cb736e722e1887b443ff4ec78c1']"", ""['cf54436185652b26eefafc17ee0a3e496ffa6b6ba3b98fae0d46218c9bd41bb8']"", ""['fcd2494e2b1c7800df2cd2acd5f5e38000f20d6cf560a43930c638f84be91234']"", ""['1a918447674bf7f3f453d9232e6d0829e671ceae516f753c320fe7420c22ba6b']"", ""['c4359e1fa6ab0ee4f8f032b0c5d9350bab47a7a69e3175f8ea47a763e82914f8']"", ""['7a328c4741e7295b74b814fb58a002e211327437f930c926996d504a6dbcc638']"", ""['f40700dd4cbb06c9a9f448a073501a7d8a8024bbf2b7b471c63cace99c4d80de']"", ""['62251fe748c4e81ea4db6640ca0f0a9d550a20158b73c08c493c340a68a02117']"", ""['15d0253c82e6f3b53f203557b088c6f6a4673672f12850ba045f96985962e5b8']"", ""['77ed9c1584aeff12cb991516712fafc6ff53dd51d7d3c6fae17217f0745954c6']"", ""['899024f3b8ada2b72006f71a377181d001af042ad1d4f465d56cf9599b0f2049']"", ""['117fcbc272e96422017d24de541f7f002661cdf220249c95a81ca50cec7e1001']"", ""['0978c01466be702b312c563a2db9f68acc006cc521d53f10701d4a1a8253fcdf']"", ""['ca4394493cdbce584e33ba2351b53df0fc9661e93bbf0d687029787f0c8ae14b']"", ""['bec54b36019c174e6879762de8f4a3c240017749260eab9e37e89f3f149f355c']"", ""['70abc3f084d8d1f1f5f4fd425ac836963525d8df81c07a7929ed1a907e3f4c4e']"", ""['54f01fe99511ee4ac200a618ef5581f7cf83da5f869614394e58261375c01674']"", ""['f3382e002b9eb20ed678a7d9821845f6b96f1e4e3b51eb01931ebe85ce1b7f51']"", ""['fa460dc2ed9c23d4b96943f506f4923659faf3af9cdfbff60af8525c395a413a']""]",True,160,"[2576, 2577, 2066, 2579, 532, 533, 534, 535, 536, 2069, 3094, 2075, 1052, 543, 547, 2599, 2090, 1582, 1072, 1590, 2619, 572, 2620, 1602, 2122, 1611, 1099, 1110, 2141, 607, 2144, 2657, 2663, 2668, 1666, 1157, 2700, 2704, 2705, 2197, 1174, 1688, 1690, 1692, 1693, 1694, 1695, 160, 1696, 2717, 1699, 1188, 1703, 2729, 1706, 1707, 173, 2735, 1200, 1202, 179, 2741, 2230, 183, 1207, 1208, 1724, 1725, 1729, 1730, 2241, 1733, 1736, 1225, 203, 204, 2765, 1742, 1743, 1744, 1745, 2767, 2768, 1748, 215, 2779, 1757, 228, 1253, 1764, 1255, 1767, 747, 2290, 1780, 1783, 248, 3319, 770, 2318, 2319, 784, 806, 2858, 1838, 2350, 1339, 830, 1343, 832, 1344, 838, 843, 1355, 339, 857, 869, 1381, 2931, 374, 2936, 1401, 2938, 892, 893, 895, 2945, 2439, 919, 1946, 2459, 2972, 2462, 1439, 932, 935, 2987, 1970, 2994, 2998, 3000, 3001, 3002, 3004, 3009, 1990, 1480, 1487, 464, 465, 467, 474, 476, 3037, 478, 2528, 3052, 3054, 3056, 497]",35
2021-12-23,e769e36b94f57c664af9e1dbcaae1dae8a05f2b1b568632fa74b3a0402653753,"[79.0, 160.0, 173.0, 179.0, 203.0, 204.0, 207.0, 215.0, 246.0, 248.0, 374.0, 465.0, 474.0, 476.0, 478.0, 479.0, 483.0, 529.0, 534.0, 535.0, 536.0, 543.0, 547.0, 551.0, 607.0, 680.0, 747.0, 770.0, 800.0, 806.0, 830.0, 832.0, 838.0, 843.0, 857.0, 892.0, 893.0, 895.0, 919.0, 932.0, 1011.0, 1052.0, 1072.0, 1110.0, 1157.0, 1158.0, 1165.0, 1170.0, 1174.0, 1188.0, 1200.0, 1204.0, 1207.0, 1208.0, 1225.0, 1255.0, 1339.0, 1344.0, 1355.0, 1381.0, 1401.0, 1417.0, 1439.0, 1480.0, 1544.0, 1582.0, 1590.0, 1666.0, 1692.0, 1693.0, 1694.0, 1695.0, 1703.0, 1706.0, 1707.0, 1724.0, 1725.0, 1733.0, 1742.0, 1745.0, 1751.0, 1764.0, 1780.0, 1911.0, 1946.0, 1970.0, 2007.0, 2023.0, 2066.0, 2069.0, 2075.0, 2097.0, 2098.0, 2122.0, 2137.0, 2141.0, 2144.0, 2241.0, 2290.0, 2319.0, 2332.0, 2439.0, 2442.0, 2459.0, 2462.0, 2528.0, 2577.0, 2579.0, 2599.0, 2619.0, 2620.0, 2639.0, 2663.0, 2666.0, 2668.0, 2700.0, 2704.0, 2717.0, 2729.0, 2735.0, 2744.0, 2765.0, 2779.0, 2858.0, 2931.0, 2936.0, 2938.0, 2945.0, 2987.0, 2994.0, 2998.0, 3000.0, 3004.0, 3009.0, 3130.0, 3319.0]",Ethiopian government announced  troops will not enter Tigray,Valid,"[""['fb30dab302a881759348fa298b6be0691a02b1e264aa427b0e7bca775ac0f24c']"", ""['16a538bef753dfad03dd3c6a6c9a1b05133302dcb1e4e9763d8df662b581df21']"", ""['5ebf279fac5a257b27da593983386d1fd658d4e13361795a65ccdbf87ebbb409']"", ""['e887daaaea89c72e326ad1864b8e89f7f50dbcfe07de4dfd149ce901c2f778a2']"", ""['10b782c3a76c3ef9cbb2733a4f6ab9d01080fe363e88fb24f4f5c2d56b3e37ef']"", ""['deba5a7926dbe5df85439828bcfa97bf58fbcd381b5a906c114aa4c5f0a0670f']"", ""['fb1e9b1973b6173d037355371eaec7a1a4e228a11cfd272fb1871f5eb9580b29']"", ""['06996ff95737017fca3999cf449661ab9c3a0b7bc034c305e72e2501643117ab']"", ""['f24d36463be31ddb40a6cd97b0155e55764f73f6d7ade67d15e53a3a4c90acf8']"", ""['52db005cf509f0aee9f19d77c47322fd9c57d42dec9ccb479c017d7c1e4834b6']"", ""['0702afcaf6ae8fdc8f314483e794e931b2364373318873ae58a1d461f05d22c6']"", ""['6202664eb970161f0f3018ce12caeb270e2014b794a3e60debc2c37169967c30']"", ""['e49fc1df6142896882d148077f8c150a62467bd97e0458030d04570866dd8275']"", ""['2b24fb43d3e19be65628ad0d11c2ac20288907e99437ca89815285637f4430a9']"", ""['1fa29e3ec2fc78ac1ddc841dabae1ea92016fce0585abd0e2827282970a44404']"", ""['e61ca2ada3796318c022ffe6eaefeb73df05b3b7aeb2cdba786025a6bf6d7571']"", ""['583ec8bed306654a2c6cb64212287f3381034cb736e722e1887b443ff4ec78c1']"", ""['cf54436185652b26eefafc17ee0a3e496ffa6b6ba3b98fae0d46218c9bd41bb8']"", ""['1a918447674bf7f3f453d9232e6d0829e671ceae516f753c320fe7420c22ba6b']"", ""['c4359e1fa6ab0ee4f8f032b0c5d9350bab47a7a69e3175f8ea47a763e82914f8']"", ""['7a328c4741e7295b74b814fb58a002e211327437f930c926996d504a6dbcc638']"", ""['15d0253c82e6f3b53f203557b088c6f6a4673672f12850ba045f96985962e5b8']"", ""['77ed9c1584aeff12cb991516712fafc6ff53dd51d7d3c6fae17217f0745954c6']"", ""['0978c01466be702b312c563a2db9f68acc006cc521d53f10701d4a1a8253fcdf']"", ""['ca4394493cdbce584e33ba2351b53df0fc9661e93bbf0d687029787f0c8ae14b']"", ""['bec54b36019c174e6879762de8f4a3c240017749260eab9e37e89f3f149f355c']"", ""['70abc3f084d8d1f1f5f4fd425ac836963525d8df81c07a7929ed1a907e3f4c4e']"", ""['54f01fe99511ee4ac200a618ef5581f7cf83da5f869614394e58261375c01674']"", ""['f3382e002b9eb20ed678a7d9821845f6b96f1e4e3b51eb01931ebe85ce1b7f51']"", ""['fa460dc2ed9c23d4b96943f506f4923659faf3af9cdfbff60af8525c395a413a']""]",True,111,"[2577, 2066, 2579, 2069, 534, 535, 536, 2075, 1052, 543, 547, 2599, 1582, 1072, 2097, 2098, 1590, 2619, 2620, 2122, 2639, 1110, 2141, 607, 2144, 2663, 2668, 1666, 1157, 2700, 2704, 1174, 1692, 1693, 1694, 1695, 160, 2717, 1188, 1703, 2729, 1706, 1707, 173, 2735, 1200, 179, 1207, 1208, 1724, 1725, 2241, 1733, 1225, 203, 204, 2765, 1742, 1745, 215, 2779, 1764, 1255, 747, 2290, 1780, 3319, 248, 770, 2319, 800, 806, 2858, 1339, 830, 832, 1344, 838, 843, 1355, 857, 1381, 2931, 374, 2936, 1401, 2938, 892, 893, 895, 2945, 2439, 919, 1946, 2459, 2462, 1439, 932, 2987, 1970, 2994, 2998, 3000, 3004, 3009, 1480, 465, 474, 476, 478, 2528]",30
2022-01-07,75d45bf06baf5f6f4b39f54232a208b708d412b7e01ae0b76308754d9d00fb9a,"[161.0, 164.0, 189.0, 205.0, 242.0, 338.0, 534.0, 636.0, 651.0, 652.0, 654.0, 655.0, 664.0, 743.0, 800.0, 806.0, 838.0, 892.0, 1169.0, 1208.0, 1216.0, 1345.0, 1432.0, 1463.0, 1733.0, 1742.0, 1924.0, 1970.0, 2023.0, 2066.0, 2098.0, 2101.0, 2122.0, 2141.0, 2327.0, 2332.0, 2339.0, 2340.0, 2639.0, 2672.0, 2858.0, 2902.0, 2933.0, 2970.0, 3009.0, 3035.0]",Ethiopian government pardoned TPLF high ranking political prisoners,Valid,"[""['b696cda0ee8b8d8b9655fab4c01abe10db88d866e8173ae51284e5ec959d61b5', '5b38df419d2af46045f27d2477c83efa27ccab321a17da2669d43e076f6c19a5']"", ""['5ebf279fac5a257b27da593983386d1fd658d4e13361795a65ccdbf87ebbb409']"", ""['37bc2a7f73c44f6fd2bc4c691059b671b713cde9ef52a5185534aba1aafe4a47']"", ""['06996ff95737017fca3999cf449661ab9c3a0b7bc034c305e72e2501643117ab']"", ""['52db005cf509f0aee9f19d77c47322fd9c57d42dec9ccb479c017d7c1e4834b6']"", ""['0d8a8d97eb4414163a9825b80cb6f235584c50e52b3c2cb5921a42b9ef5acd55']"", ""['73025e9c122de9cf0ef00a625528a09d6dcb925f23c0e6e9b5e3a0cba98d2746']"", ""['e49fc1df6142896882d148077f8c150a62467bd97e0458030d04570866dd8275']"", ""['3feeab7cb42bd4460f923a3120089051b82df3b739ecb87b010e94d3bc47775d']"", ""['ac7de99105031ab7cac60f41a6f28f4246c25e8193d4bb3fb1b7cc12db541609']"", ""['56da18bc1a31f810e2c5ac3130b263780aada43d25460951f11c894867340205']"", ""['1fa29e3ec2fc78ac1ddc841dabae1ea92016fce0585abd0e2827282970a44404']"", ""['e61ca2ada3796318c022ffe6eaefeb73df05b3b7aeb2cdba786025a6bf6d7571']"", ""['d871286c7715fd1004ae3a0aca05f6612b3f5af39e64b8fac077b0e797e803f5']"", ""['b0b35ace1299e2a108ff56ecb79cb412f0b15ae2e140f67e53db4c6d78fcebb4']"", ""['12699ab592a9ca228bef280ccc9b3b4032d547280d055a78ba09501250524121']"", ""['9a923eb8e8d3d5845b4f7d95f09935203296ce51068090c6280ae0ea0b685aba']"", ""['0a15ed52cf5327b55ef6c0458a9da78d504d51a1f3fa591bfa97f8431b9abb94']"", ""['31ee7a2b257b0d9c2b3a5fbbdf7ddab66d56d4de7b60d5cb43b6316a0c996457']"", ""['a38bbc6d7c188649bb40319836fa75d687bd88a7a1bc5579e7963e4b6614cd12']"", ""['0978c01466be702b312c563a2db9f68acc006cc521d53f10701d4a1a8253fcdf']"", ""['9046549af472e78a018ed6b9b592f1933731e6467c8875a99108064f75b64b28']"", ""['e19cf0267ba1787ecddda2b2c77762dcb5b64522efafa1a9b633a62689ea8a63']""]",True,39,"[636, 1924, 651, 652, 654, 655, 1169, 2066, 534, 2327, 664, 2970, 800, 164, 2340, 806, 2858, 1970, 2098, 2101, 1463, 1208, 189, 1216, 1345, 3009, 1733, 838, 2122, 205, 1742, 2639, 338, 2902, 3035, 2141, 743, 2933, 892]",23
2022-03-24,d5ec319f3b133afe468e3e49cc5b73e0d4073fd47b30313c1cc027f029d8d396,"[75.0, 83.0, 119.0, 294.0, 301.0, 313.0, 318.0, 485.0, 557.0, 684.0, 688.0, 691.0, 696.0, 701.0, 704.0, 714.0, 717.0, 737.0, 738.0, 774.0, 791.0, 794.0, 889.0, 1644.0, 1645.0, 1680.0, 1797.0, 1840.0, 1933.0, 1992.0, 2111.0, 2444.0, 2664.0, 2688.0, 2738.0, 2762.0, 2937.0, 2975.0, 3066.0, 3100.0, 3134.0]",Federal Government and TPLF agreed on ceasefire to allow humanitarian aid,Valid,"[""['346125597092c6083b929e74fc769463d070b0bae0e4454313c6bc7bb58e2922']"", ""['d781e3b9530b312283b47ca70a916246e33152bf1ddcd9b18eaea384da817c1c', 'f199f1e3fd39af7477886a40adeff1252974b24ecb0507f09ce8ac391834a6ca']"", ""['fac362060d30754d04feafe57263364a082d275af45ea00759bb3e0a8abb9917', '5695fc167aa7504b345e5dd924df507dd407b760a620dcd479bc92a04a4891b3', '38c23d001801efad94642c822e356011e04977708838a58034e7bd8ebda7adbe', 'edf255cafdb2e8ebfbeb08402ae8654ea9236649ff0b51580ff4a0ef1d2e7f83']"", ""['dce44c575c7de9c7453552e0e1080671388d4c2a1f3092387c788f5fde04b09d', 'fceb56fddb3234f8e1b14599da9d5a1baa0eb29165b7a1798946fce7e7aa24d4']"", ""['ee5d3b280a01cc2a280f7412abe82c607364b27b05b63b487acc748c26ddb16f']""]",True,35,"[2688, 1797, 1933, 1680, 791, 794, 2975, 294, 684, 301, 557, 688, 691, 696, 313, 2937, 701, 318, 2111, 704, 3134, 1992, 714, 75, 717, 83, 737, 738, 485, 2664, 1644, 1645, 119, 889, 3066]",5
2022-08-27,eff183ec0fbb6a05e4df81109d5cd1e9ee53dd00708275014b7d87662e962f15,"[52.0, 93.0, 127.0, 490.0, 531.0, 638.0, 689.0, 700.0, 713.0, 1074.0, 1257.0, 1306.0, 1578.0, 1832.0, 1991.0, 2201.0, 2257.0, 2329.0, 2572.0, 2830.0, 2836.0, 2872.0, 2906.0, 3192.0]",Resurgence of fighting TPLF captured Kobo,Valid,"[""['2d3afe1a5997047277dd30081f8e9e6a34a05239d9b2c7458e06720ec37ada37', '3e52bbafee2afb25f1c7b8808d4b9f3f8208dbb7f02f761d1d8b922833283f22']"", ""['5af0915b8d246c6d1e1fdfdf7ef294818d7af424b9acc8c53a342b22d574ac70']"", ""['4fa29ddad2d07ea88fb3921896c471bbe36c8d73c6f439d579f7d2a4137a8edb']"", ""['439b0d1ad1a82c3545e42f671977ec510ee08d696d39f482b65ed49b4b3bbbbc']"", ""['81dc61506d3a6984f35e91924fa61229c3953120ef57b03ea9c298f33d17ce25']"", ""['51953587e9e65f86169a43a5b5501e9e1bf23957b0326dee6c9197e9f2aaeff4']"", ""['93a2fbc13745171d692e2980214e7de8d8b5ca7b50c5a0d3a1a0f930abaf3a41']""]",True,24,"[2572, 2830, 531, 2836, 2329, 2201, 1306, 1832, 1578, 689, 1074, 52, 2872, 700, 1991, 713, 2257, 2906, 93, 1257, 490, 3192, 638, 127]",7
2022-09-01,bdff9cb9a41cb4138d6104ee082f3dabf2938dac4b20bd161f0c618b6eb1324e,"[23.0, 24.0, 27.0, 34.0, 38.0, 42.0, 52.0, 81.0, 93.0, 111.0, 127.0, 136.0, 159.0, 193.0, 239.0, 281.0, 300.0, 340.0, 356.0, 363.0, 490.0, 508.0, 531.0, 577.0, 592.0, 626.0, 638.0, 670.0, 685.0, 686.0, 687.0, 689.0, 692.0, 693.0, 695.0, 700.0, 706.0, 710.0, 713.0, 715.0, 721.0, 761.0, 767.0, 795.0, 798.0, 801.0, 813.0, 824.0, 840.0, 868.0, 966.0, 1074.0, 1236.0, 1246.0, 1257.0, 1306.0, 1357.0, 1444.0, 1547.0, 1578.0, 1832.0, 1902.0, 1959.0, 1964.0, 1976.0, 1978.0, 1991.0, 2006.0, 2033.0, 2093.0, 2124.0, 2133.0, 2140.0, 2175.0, 2181.0, 2188.0, 2190.0, 2201.0, 2205.0, 2212.0, 2223.0, 2226.0, 2254.0, 2257.0, 2329.0, 2333.0, 2386.0, 2408.0, 2424.0, 2530.0, 2572.0, 2573.0, 2603.0, 2608.0, 2715.0, 2724.0, 2739.0, 2780.0, 2830.0, 2832.0, 2836.0, 2871.0, 2872.0, 2882.0, 2890.0, 2891.0, 2899.0, 2904.0, 2906.0, 2911.0, 2925.0, 3062.0, 3141.0, 3177.0, 3192.0, 3227.0]",Ethiopia and Eritrea (without official acknoledgement) started an offensive,Valid,"[""['dd37f222d1fa863769428d416d34747ac6c721ec79326b6ee3ab991e2b79e724']"", ""['2d3afe1a5997047277dd30081f8e9e6a34a05239d9b2c7458e06720ec37ada37', '3e52bbafee2afb25f1c7b8808d4b9f3f8208dbb7f02f761d1d8b922833283f22']"", ""['53008ab425fc9db5f8008b979576d6c15e9f399ee659287dc9092bad92e6f6e1']"", ""['501ca1bc1e28a17c27189d0935daa02562c87fabe2e04fdea367c5f0552020b3']"", ""['5af0915b8d246c6d1e1fdfdf7ef294818d7af424b9acc8c53a342b22d574ac70']"", ""['993a3b9788401b0cc2a759208bfc0f7c38f8ec8a2b067a57ced4b96c56735196']"", ""['4fa29ddad2d07ea88fb3921896c471bbe36c8d73c6f439d579f7d2a4137a8edb']"", ""['421cf46cf7fe94b85e7db9217206ff1df9728acccc5aeb4bbfbee6ba0d283d1d']"", ""['aa92eb12bb517ae1ed3811c2f61d2bcb4384fe3a613b6c2748c23413df9af9d6']"", ""['1dc0d0c07a60d1d5d0d226fcc34723e20b5e08465ab63537389408a5acaea644', '252fdf9c8d9014bfd2f57f7b549053acc1b5e81ccb78b5922d342bbb9373b0b3']"", ""['439b0d1ad1a82c3545e42f671977ec510ee08d696d39f482b65ed49b4b3bbbbc']"", ""['97bee8bd2176474faaae7f92a2e8484f02380bc9b6b2be1b55f42cc7b307fbac']"", ""['29649c3d8eb162a4e6a07c7aa458329c8f99033291d2e622f58c02673e45ac1c', 'b691eddd5eb719fc80cea0e4309f77e6c2dade9a35c9d56d76113d48fb97d529']"", ""['4d0df829408a2703f8703ad7869cd56dfceb8cb19d9801a012ae3a6547aa79a0']"", ""['81dc61506d3a6984f35e91924fa61229c3953120ef57b03ea9c298f33d17ce25']"", ""['51953587e9e65f86169a43a5b5501e9e1bf23957b0326dee6c9197e9f2aaeff4']"", ""['93a2fbc13745171d692e2980214e7de8d8b5ca7b50c5a0d3a1a0f930abaf3a41']""]",True,93,"[1547, 2572, 531, 23, 34, 38, 42, 1578, 2608, 1074, 52, 3141, 2124, 81, 2133, 2140, 93, 3177, 111, 626, 3192, 638, 127, 136, 2188, 2190, 2201, 2715, 3227, 2205, 670, 159, 2212, 2724, 685, 686, 687, 2223, 689, 2226, 2739, 692, 693, 700, 193, 706, 710, 713, 715, 2254, 2257, 2780, 1246, 1257, 761, 767, 2830, 2832, 2836, 281, 1306, 795, 2329, 2333, 798, 801, 1832, 300, 813, 2871, 824, 2872, 2882, 840, 2891, 1357, 2386, 2899, 340, 2904, 2906, 2408, 363, 2925, 1902, 2424, 1444, 966, 1991, 2530, 490, 2033, 3062]",17
2022-09-13,d89e8b1bc7f9790ed8cca60d93db9bfa7c195573effe5686763671dc6b7e898e,"[36.0, 81.0, 111.0, 136.0, 159.0, 340.0, 438.0, 442.0, 613.0, 626.0, 727.0, 761.0, 776.0, 792.0, 840.0, 921.0, 963.0, 966.0, 1242.0, 1245.0, 1246.0, 1252.0, 1357.0, 1444.0, 1523.0, 1624.0, 1717.0, 1902.0, 1923.0, 2104.0, 2124.0, 2133.0, 2140.0, 2174.0, 2179.0, 2184.0, 2201.0, 2220.0, 2222.0, 2289.0, 2329.0, 2333.0, 2386.0, 2408.0, 2424.0, 2617.0, 2715.0, 2724.0, 2739.0, 2756.0, 2841.0, 2847.0, 2882.0, 2884.0, 2901.0, 3008.0, 3147.0, 3152.0, 3159.0, 3227.0]",Sheraro was captured by Ethiopian-Eritrean forces,Valid,"[""['dd37f222d1fa863769428d416d34747ac6c721ec79326b6ee3ab991e2b79e724']"", ""['53008ab425fc9db5f8008b979576d6c15e9f399ee659287dc9092bad92e6f6e1']"", ""['96bfed431d26c715e22edfe8dfcf263244b73d8ca7f9adfc0489a89d61277d1a', 'ff61855d75c0ae0368ba09624b3e8e28afa3969a4f979266c3ccdc465c55f757']"", ""['993a3b9788401b0cc2a759208bfc0f7c38f8ec8a2b067a57ced4b96c56735196']"", ""['aa92eb12bb517ae1ed3811c2f61d2bcb4384fe3a613b6c2748c23413df9af9d6']"", ""['8f08ef77c68df7273176f0dcaf4c8d3535a3664cff9d08deaea9be7116932c1e']"", ""['4fa29ddad2d07ea88fb3921896c471bbe36c8d73c6f439d579f7d2a4137a8edb']"", ""['e0d133e5e92337b8b5f353969ba10d0f4e06cc441eb86a988fc640443f5d781e']"", ""['1dc0d0c07a60d1d5d0d226fcc34723e20b5e08465ab63537389408a5acaea644', '252fdf9c8d9014bfd2f57f7b549053acc1b5e81ccb78b5922d342bbb9373b0b3']"", ""['439b0d1ad1a82c3545e42f671977ec510ee08d696d39f482b65ed49b4b3bbbbc']"", ""['97bee8bd2176474faaae7f92a2e8484f02380bc9b6b2be1b55f42cc7b307fbac']"", ""['29649c3d8eb162a4e6a07c7aa458329c8f99033291d2e622f58c02673e45ac1c', 'b691eddd5eb719fc80cea0e4309f77e6c2dade9a35c9d56d76113d48fb97d529']"", ""['81dc61506d3a6984f35e91924fa61229c3953120ef57b03ea9c298f33d17ce25']"", ""['93a2fbc13745171d692e2980214e7de8d8b5ca7b50c5a0d3a1a0f930abaf3a41']""]",True,47,"[2179, 136, 2184, 921, 2201, 2329, 2715, 2333, 3227, 159, 2847, 1444, 2724, 2739, 2104, 2617, 442, 3008, 2882, 963, 966, 840, 3147, 2124, 1357, 3152, 81, 2386, 340, 2133, 2901, 727, 1624, 3159, 1242, 2140, 1245, 1246, 1252, 613, 2408, 1902, 111, 626, 2424, 761, 2174]",14
2022-10-02,e71a1c71835b3a2970553eeee3f7db77c6cca7981c90cf3c0c7d3b08a1391e4f,"[116.0, 124.0, 196.0, 321.0, 350.0, 359.0, 385.0, 392.0, 399.0, 446.0, 637.0, 645.0, 679.0, 716.0, 719.0, 726.0, 753.0, 883.0, 1005.0, 1182.0, 1275.0, 1399.0, 1530.0, 1804.0, 1910.0, 1919.0, 2104.0, 2176.0, 2202.0, 2216.0, 2221.0, 2289.0, 2361.0, 2389.0, 2470.0, 2501.0, 2824.0, 2847.0, 2856.0, 2934.0, 2976.0, 3132.0, 3159.0, 3199.0, 3265.0, 3267.0, 3309.0]",TPLF announced it has withdrawn from Northe Wollo Zone in Amhara,Valid,"[""['a3b1ee46960cc42c06d1ee68e38b2991c648c4ed3219a14bbe35914290982e20']"", ""['5f8abcd6f3250f91309fa90c2ed8e4884f37154a2347d82875c65da12d23d600']"", ""['53008ab425fc9db5f8008b979576d6c15e9f399ee659287dc9092bad92e6f6e1']"", ""['2a55eeb26754eadde7d584b22801989922f4b417f7f2ac55a38cf783f6e05421']"", ""['96bfed431d26c715e22edfe8dfcf263244b73d8ca7f9adfc0489a89d61277d1a', 'ff61855d75c0ae0368ba09624b3e8e28afa3969a4f979266c3ccdc465c55f757']"", ""['aa92eb12bb517ae1ed3811c2f61d2bcb4384fe3a613b6c2748c23413df9af9d6']"", ""['0c8df422a24b2f091c79e73e380ebbd38872edc8fc8337b6a106e2b152a2dead']"", ""['8f08ef77c68df7273176f0dcaf4c8d3535a3664cff9d08deaea9be7116932c1e']"", ""['79d8444514378eb17acc93621d949bae499ac334d9608c33d8fe0017e3e2852e']"", ""['dcb416bef876c2a600a84a3f6b1b906ad7007fe85e683ee7637b661b2c4fc058']"", ""['5b1ede47d4826208fbb501ed89074da97aa017d9289d57b958f45effdf0c2d48']"", ""['a9c0acc3c42dac2271919b6f0bd549664d9009b87bc227d0c9593a5d0c88e311']"", ""['e511092bc005166ba5e8dbb02eb620092edd6324a67b3c64dd3bda09989bd2f2']"", ""['3f2b60bc56cd6c7a8bb569ef53f696c92dbdb31bdc90855e421ea98ef1381a64']"", ""['8eb91de272d0dba40b419e68377932ea6577b50609dfa89cf8192c82bd03fabd']""]",True,37,"[2176, 645, 392, 1804, 399, 2202, 1182, 2847, 2976, 2470, 2216, 2856, 2221, 2104, 2361, 3132, 446, 321, 3265, 196, 2501, 2389, 726, 3159, 350, 3199, 1005, 3309, 883, 116, 1910, 1399, 2934, 1275, 124, 637, 1919]",15
2022-10-10,86c1c0dc170fe3d47665484a6f8c8b053e990395e38cd29fc3dc07bd9067545e,"[28.0, 58.0, 190.0, 196.0, 261.0, 321.0, 346.0, 351.0, 357.0, 385.0, 392.0, 417.0, 637.0, 645.0, 719.0, 968.0, 1005.0, 1275.0, 1570.0, 1804.0, 1919.0, 2176.0, 2183.0, 2194.0, 2216.0, 2221.0, 2225.0, 2389.0, 2470.0, 2824.0, 2829.0, 2844.0, 2852.0, 2862.0, 2866.0, 2881.0, 2889.0, 3148.0, 3199.0, 3265.0, 3267.0, 3309.0]",TPLF called for full mobilisation of Tigray population,Valid,"[""['a3b1ee46960cc42c06d1ee68e38b2991c648c4ed3219a14bbe35914290982e20']"", ""['5f8abcd6f3250f91309fa90c2ed8e4884f37154a2347d82875c65da12d23d600']"", ""['2a55eeb26754eadde7d584b22801989922f4b417f7f2ac55a38cf783f6e05421']"", ""['96bfed431d26c715e22edfe8dfcf263244b73d8ca7f9adfc0489a89d61277d1a', 'ff61855d75c0ae0368ba09624b3e8e28afa3969a4f979266c3ccdc465c55f757']"", ""['0c8df422a24b2f091c79e73e380ebbd38872edc8fc8337b6a106e2b152a2dead']"", ""['4ef85e7ea78f50f0f2a430889a3570539d421795c0ed429149b0f115a7a281a9']"", ""['79d8444514378eb17acc93621d949bae499ac334d9608c33d8fe0017e3e2852e']"", ""['9b3580849b78b6f91afc0082d7e4591a11ec3ce501be1508186d90d808e34a43']"", ""['dcb416bef876c2a600a84a3f6b1b906ad7007fe85e683ee7637b661b2c4fc058']"", ""['5b1ede47d4826208fbb501ed89074da97aa017d9289d57b958f45effdf0c2d48']"", ""['0ea220ad2ecf9abb46c0cd2bcf5aa6099c9c87a48b9395dc1b3b040e3bb980c8']"", ""['e511092bc005166ba5e8dbb02eb620092edd6324a67b3c64dd3bda09989bd2f2']"", ""['3f2b60bc56cd6c7a8bb569ef53f696c92dbdb31bdc90855e421ea98ef1381a64']"", ""['f57ab0d3ac2e44915ef4ebbf3474cff864dabb21c09a6c47e7e1c5c5a3087ae6']""]",True,26,"[2176, 645, 2183, 392, 1804, 2829, 2844, 417, 2470, 2216, 2221, 2225, 58, 321, 3265, 196, 968, 3148, 2389, 3199, 357, 1005, 3309, 1275, 637, 1919]",14
2022-10-17,3fbdac88569822ef64368d0aaf513137f43ad0fd0dbe8e47fba0a0c42d6d386f,"[269.0, 578.0, 816.0, 1243.0, 1288.0, 2225.0, 2448.0, 2470.0, 3148.0]",Strategic town Shire fell to ENDF,Valid,"[""['a7bd86efe950dd0401e9619005ea30947a5ffc409ef14baed11dc661abaa1d2a']"", ""['a3b1ee46960cc42c06d1ee68e38b2991c648c4ed3219a14bbe35914290982e20']"", ""['3dc5396918dd4cde41aaa8fdfa3779a2bd2d55785c7fb5fe8d002fa9db04f7fc', '8fda9add1a52320d6433627369013d9f560760ffc76ddc2367b97388e6f9d166']"", ""['3822b8beba21477018930819d16cd2d4b7d89b20962e6027bd49ed3affe33054']"", ""['9b3580849b78b6f91afc0082d7e4591a11ec3ce501be1508186d90d808e34a43']"", ""['0ea220ad2ecf9abb46c0cd2bcf5aa6099c9c87a48b9395dc1b3b040e3bb980c8']"", ""['7225eaa630f0029b498dff8e808039cf275585c90b62ddb92142bca1b634a8ef']""]",True,9,"[578, 2470, 1288, 3148, 269, 816, 2225, 2448, 1243]",7
2022-10-18,fdc393e569fcbbd52fdb89aba5c2cc3776123435fa4545ad93421dd0baecf670,"[28.0, 39.0, 46.0, 48.0, 50.0, 53.0, 130.0, 190.0, 264.0, 269.0, 307.0, 321.0, 323.0, 392.0, 401.0, 403.0, 417.0, 578.0, 719.0, 808.0, 816.0, 917.0, 967.0, 968.0, 1043.0, 1235.0, 1243.0, 1288.0, 1398.0, 1410.0, 1426.0, 1570.0, 2043.0, 2176.0, 2217.0, 2221.0, 2225.0, 2260.0, 2448.0, 2470.0, 2569.0, 2826.0, 2829.0, 2844.0, 2864.0, 2869.0, 2877.0, 2878.0, 2888.0, 2895.0, 2898.0, 2958.0, 2961.0, 3032.0, 3148.0, 3164.0]",ENDF captured Almata and Korem,Valid,"[""['a3b1ee46960cc42c06d1ee68e38b2991c648c4ed3219a14bbe35914290982e20']"", ""['3822b8beba21477018930819d16cd2d4b7d89b20962e6027bd49ed3affe33054']"", ""['79d8444514378eb17acc93621d949bae499ac334d9608c33d8fe0017e3e2852e']"", ""['202603dc05197cb3a5976ebe88740f7621ee3cc69b24f3ba978d2147ec83aa8f']"", ""['5e02fd31af2d7536164665fa87935b0039ce215acb68d29ded14f92bebca7f4b']"", ""['5f46c4ef3f7c3b257e3097bbf98e760638addf84170184a914d6a99826c36305']"", ""['f57ab0d3ac2e44915ef4ebbf3474cff864dabb21c09a6c47e7e1c5c5a3087ae6']"", ""['7271889befae6cbf56f6db976d6381d26ba1cdc24a00e759b0415bd1207ae880']"", ""['063af42f6112cd25396586fde44b8057d94a05f59aaf4f6dbacec6436f8fe193']"", ""['96bfed431d26c715e22edfe8dfcf263244b73d8ca7f9adfc0489a89d61277d1a', 'ff61855d75c0ae0368ba09624b3e8e28afa3969a4f979266c3ccdc465c55f757']"", ""['3dc5396918dd4cde41aaa8fdfa3779a2bd2d55785c7fb5fe8d002fa9db04f7fc', '8fda9add1a52320d6433627369013d9f560760ffc76ddc2367b97388e6f9d166']"", ""['0c8df422a24b2f091c79e73e380ebbd38872edc8fc8337b6a106e2b152a2dead']"", ""['0ea220ad2ecf9abb46c0cd2bcf5aa6099c9c87a48b9395dc1b3b040e3bb980c8']"", ""['445f2c812beb5491292ac4e9d2980d65023ec8160834779111120c86143fd1de']"", ""['7225eaa630f0029b498dff8e808039cf275585c90b62ddb92142bca1b634a8ef']"", ""['cdfffe4637d86ecdc865e877e0b71be8c7bf194911750048786aa97bf57fcda4']"", ""['b5975a62edc9e0f5c3c6bc693ef548339ffe924a0caa6efd2fb6bc39ea9ff77e']"", ""['4ef85e7ea78f50f0f2a430889a3570539d421795c0ed429149b0f115a7a281a9']"", ""['9b3580849b78b6f91afc0082d7e4591a11ec3ce501be1508186d90d808e34a43']"", ""['1f4707402fe5158746ffcb640f6a04771e29713c1e6afef784da6893a11e4f75']"", ""['a7bd86efe950dd0401e9619005ea30947a5ffc409ef14baed11dc661abaa1d2a']""]",True,48,"[2176, 130, 1410, 392, 1288, 2569, 2826, 269, 2829, 2958, 2448, 401, 1426, 403, 1043, 917, 2961, 2844, 417, 2470, 39, 2217, 2221, 46, 816, 2225, 50, 307, 2864, 53, 2869, 2877, 2878, 321, 578, 323, 968, 2888, 3148, 2895, 2898, 1235, 2260, 3032, 1243, 3164, 1398, 2043]",21
2022-10-22,4551c1da29d493fbdcca52abff51df3d1123d17f4a3f1a5a3246b8716db98681,"[28.0, 39.0, 48.0, 50.0, 269.0, 307.0, 322.0, 323.0, 349.0, 401.0, 403.0, 578.0, 802.0, 817.0, 917.0, 933.0, 1043.0, 1243.0, 1288.0, 1398.0, 1410.0, 1454.0, 2043.0, 2169.0, 2171.0, 2217.0, 2260.0, 2822.0, 2826.0, 2864.0, 2877.0, 2878.0, 2888.0, 2894.0, 2895.0, 2898.0, 2903.0, 2958.0, 3032.0, 3148.0, 3164.0, 3176.0]",ENDF captured Adwa and Axum,Valid,"[""['cdfffe4637d86ecdc865e877e0b71be8c7bf194911750048786aa97bf57fcda4']"", ""['7271889befae6cbf56f6db976d6381d26ba1cdc24a00e759b0415bd1207ae880']"", ""['b5975a62edc9e0f5c3c6bc693ef548339ffe924a0caa6efd2fb6bc39ea9ff77e']"", ""['a7bd86efe950dd0401e9619005ea30947a5ffc409ef14baed11dc661abaa1d2a']"", ""['063af42f6112cd25396586fde44b8057d94a05f59aaf4f6dbacec6436f8fe193']"", ""['3822b8beba21477018930819d16cd2d4b7d89b20962e6027bd49ed3affe33054']"", ""['3dc5396918dd4cde41aaa8fdfa3779a2bd2d55785c7fb5fe8d002fa9db04f7fc', '8fda9add1a52320d6433627369013d9f560760ffc76ddc2367b97388e6f9d166']"", ""['7a7d0abdef56ecb55a54c51115caf12fe9d3f28e5179cdadd499b857da7bd599']"", ""['a08ea7f995fe296cec59c0aad50138e012a2d600149e3834afa1fc332c4670f0']"", ""['202603dc05197cb3a5976ebe88740f7621ee3cc69b24f3ba978d2147ec83aa8f']"", ""['7ba31689f092663e7f980d3d33b4df53a83e593e67605058c45b7ef9fade400a']"", ""['9b3580849b78b6f91afc0082d7e4591a11ec3ce501be1508186d90d808e34a43']"", ""['5e02fd31af2d7536164665fa87935b0039ce215acb68d29ded14f92bebca7f4b']"", ""['0ea220ad2ecf9abb46c0cd2bcf5aa6099c9c87a48b9395dc1b3b040e3bb980c8']"", ""['445f2c812beb5491292ac4e9d2980d65023ec8160834779111120c86143fd1de']"", ""['cc48da3e947769a367154b51bdf247ffa4f90a25bebd4ab243997801fb30418d']"", ""['7225eaa630f0029b498dff8e808039cf275585c90b62ddb92142bca1b634a8ef']"", ""['1f4707402fe5158746ffcb640f6a04771e29713c1e6afef784da6893a11e4f75']""]",True,39,"[1410, 2822, 1288, 2826, 269, 2958, 401, 403, 1043, 917, 802, 933, 39, 2217, 2171, 1454, 2864, 817, 50, 307, 2877, 2878, 322, 323, 578, 2888, 3148, 2895, 2898, 2260, 2903, 3032, 1243, 3164, 349, 3176, 1398, 2169, 2043]",18
2022-10-25,27e749068998f82400fd2382a24bdff6a44e0e999c1070107cdd36e8903bed08,"[28.0, 39.0, 40.0, 46.0, 48.0, 50.0, 53.0, 58.0, 125.0, 130.0, 152.0, 190.0, 250.0, 264.0, 269.0, 307.0, 322.0, 323.0, 328.0, 329.0, 346.0, 347.0, 349.0, 351.0, 357.0, 385.0, 401.0, 403.0, 415.0, 416.0, 578.0, 802.0, 808.0, 816.0, 817.0, 819.0, 825.0, 917.0, 933.0, 961.0, 967.0, 968.0, 973.0, 1023.0, 1037.0, 1043.0, 1235.0, 1243.0, 1248.0, 1267.0, 1288.0, 1300.0, 1364.0, 1398.0, 1410.0, 1422.0, 1426.0, 1454.0, 1570.0, 1625.0, 1837.0, 1906.0, 2043.0, 2167.0, 2168.0, 2169.0, 2170.0, 2171.0, 2173.0, 2176.0, 2183.0, 2191.0, 2193.0, 2194.0, 2204.0, 2217.0, 2225.0, 2260.0, 2347.0, 2407.0, 2448.0, 2569.0, 2605.0, 2822.0, 2823.0, 2824.0, 2826.0, 2834.0, 2835.0, 2839.0, 2844.0, 2850.0, 2852.0, 2862.0, 2864.0, 2865.0, 2866.0, 2869.0, 2874.0, 2875.0, 2877.0, 2878.0, 2881.0, 2888.0, 2889.0, 2894.0, 2895.0, 2898.0, 2903.0, 2958.0, 2961.0, 3032.0, 3148.0, 3164.0, 3171.0, 3176.0, 3221.0, 3317.0]","AU (African Union) announced peace talks to be held in Pretoria, South Africa",Valid,"[""['ce23c26dfb69c976b4ed67bb2308ab95e294d7d4a550ad2279e77a4f0a25fa68']"", ""['a0e2fa425dcafe975da991dcf4f957d20b3bfccc72ac6264a29df22cc460db81']"", ""['3822b8beba21477018930819d16cd2d4b7d89b20962e6027bd49ed3affe33054']"", ""['be426f7257dd9193c637e6a9b739af787a0f5ed579ed60b50abd610ef9357e47']"", ""['202603dc05197cb3a5976ebe88740f7621ee3cc69b24f3ba978d2147ec83aa8f']"", ""['19431c684d220d8ef732933e3b79307f8ed42599e78a4d94c639cc6ea2b21a23']"", ""['5e02fd31af2d7536164665fa87935b0039ce215acb68d29ded14f92bebca7f4b']"", ""['6b6d62cef89722d8cfa2a133b4bd8e0a4a5f3efbd24803923aede1ac46716a57']"", ""['f57ab0d3ac2e44915ef4ebbf3474cff864dabb21c09a6c47e7e1c5c5a3087ae6']"", ""['5f46c4ef3f7c3b257e3097bbf98e760638addf84170184a914d6a99826c36305']"", ""['7271889befae6cbf56f6db976d6381d26ba1cdc24a00e759b0415bd1207ae880']"", ""['063af42f6112cd25396586fde44b8057d94a05f59aaf4f6dbacec6436f8fe193']"", ""['96bfed431d26c715e22edfe8dfcf263244b73d8ca7f9adfc0489a89d61277d1a', 'ff61855d75c0ae0368ba09624b3e8e28afa3969a4f979266c3ccdc465c55f757']"", ""['3dc5396918dd4cde41aaa8fdfa3779a2bd2d55785c7fb5fe8d002fa9db04f7fc', '8fda9add1a52320d6433627369013d9f560760ffc76ddc2367b97388e6f9d166']"", ""['efd3c4775375ae7327610e7570092d1a433ce13689138e2a8ed96e8c773dad09']"", ""['0ea220ad2ecf9abb46c0cd2bcf5aa6099c9c87a48b9395dc1b3b040e3bb980c8']"", ""['45fe0cd90d9054234a70f104501d8ad1977795a55c5473c120650a954b25b141']"", ""['445f2c812beb5491292ac4e9d2980d65023ec8160834779111120c86143fd1de']"", ""['cc48da3e947769a367154b51bdf247ffa4f90a25bebd4ab243997801fb30418d']"", ""['7225eaa630f0029b498dff8e808039cf275585c90b62ddb92142bca1b634a8ef']"", ""['7a7d0abdef56ecb55a54c51115caf12fe9d3f28e5179cdadd499b857da7bd599']"", ""['cdfffe4637d86ecdc865e877e0b71be8c7bf194911750048786aa97bf57fcda4']"", ""['b5975a62edc9e0f5c3c6bc693ef548339ffe924a0caa6efd2fb6bc39ea9ff77e']"", ""['4ef85e7ea78f50f0f2a430889a3570539d421795c0ed429149b0f115a7a281a9']"", ""['7ba31689f092663e7f980d3d33b4df53a83e593e67605058c45b7ef9fade400a']"", ""['9b3580849b78b6f91afc0082d7e4591a11ec3ce501be1508186d90d808e34a43']"", ""['1f4707402fe5158746ffcb640f6a04771e29713c1e6afef784da6893a11e4f75']"", ""['a7bd86efe950dd0401e9619005ea30947a5ffc409ef14baed11dc661abaa1d2a']"", ""['0a2d1f9bd57bacbae69f18d550882c29cbf7c0e411919bc8fa45fc6a4831a047']"", ""['a08ea7f995fe296cec59c0aad50138e012a2d600149e3834afa1fc332c4670f0']""]",True,99,"[2569, 1037, 1043, 39, 40, 2605, 46, 50, 53, 58, 578, 3148, 1625, 3164, 3171, 3176, 2167, 2168, 2169, 2170, 2171, 2173, 125, 2176, 130, 2183, 2191, 2193, 3221, 152, 2204, 2217, 2225, 1235, 2260, 1243, 1248, 1267, 3317, 250, 2822, 2823, 1288, 2826, 269, 2834, 2835, 1300, 2839, 2844, 802, 2850, 2347, 1837, 816, 817, 2864, 307, 819, 2865, 2869, 825, 2874, 2875, 2877, 2878, 322, 323, 328, 329, 2888, 2895, 2898, 1364, 2903, 347, 349, 357, 2407, 1906, 1398, 1410, 1422, 2958, 2448, 401, 1426, 403, 2961, 917, 415, 416, 933, 1454, 961, 968, 973, 3032, 2043]",30
2022-11-02,9b93972d450344e5b0c62d95b43a60c8f69eb8103e63cf648abced95af195c3a,"[14.0, 39.0, 40.0, 50.0, 53.0, 54.0, 57.0, 107.0, 115.0, 117.0, 125.0, 133.0, 139.0, 152.0, 250.0, 307.0, 315.0, 322.0, 323.0, 327.0, 328.0, 329.0, 347.0, 349.0, 376.0, 385.0, 401.0, 403.0, 415.0, 416.0, 417.0, 606.0, 610.0, 666.0, 751.0, 802.0, 807.0, 814.0, 815.0, 817.0, 819.0, 825.0, 873.0, 876.0, 917.0, 933.0, 961.0, 962.0, 965.0, 967.0, 973.0, 1037.0, 1043.0, 1237.0, 1239.0, 1240.0, 1243.0, 1248.0, 1267.0, 1273.0, 1288.0, 1300.0, 1395.0, 1398.0, 1410.0, 1422.0, 1472.0, 1625.0, 1837.0, 1844.0, 1868.0, 1881.0, 1882.0, 1903.0, 1906.0, 1969.0, 2022.0, 2153.0, 2167.0, 2168.0, 2169.0, 2170.0, 2171.0, 2173.0, 2176.0, 2191.0, 2192.0, 2193.0, 2204.0, 2210.0, 2217.0, 2219.0, 2224.0, 2248.0, 2251.0, 2260.0, 2262.0, 2281.0, 2338.0, 2347.0, 2398.0, 2407.0, 2448.0, 2468.0, 2488.0, 2532.0, 2544.0, 2557.0, 2605.0, 2752.0, 2783.0, 2822.0, 2823.0, 2824.0, 2826.0, 2833.0, 2834.0, 2835.0, 2838.0, 2839.0, 2843.0, 2850.0, 2860.0, 2862.0, 2864.0, 2865.0, 2874.0, 2875.0, 2877.0, 2878.0, 2883.0, 2885.0, 2886.0, 2888.0, 2889.0, 2892.0, 2893.0, 2895.0, 2897.0, 2898.0, 2903.0, 2909.0, 2916.0, 2917.0, 2923.0, 2941.0, 2942.0, 2958.0, 2990.0, 3032.0, 3050.0, 3101.0, 3148.0, 3164.0, 3171.0, 3176.0, 3187.0, 3189.0, 3221.0, 3317.0]",Ethiopia and TPLF announced they signed a peace agreement that includes the disarming of the TPLF,Valid,"[""['ce23c26dfb69c976b4ed67bb2308ab95e294d7d4a550ad2279e77a4f0a25fa68']"", ""['a0e2fa425dcafe975da991dcf4f957d20b3bfccc72ac6264a29df22cc460db81']"", ""['3822b8beba21477018930819d16cd2d4b7d89b20962e6027bd49ed3affe33054']"", ""['e8fa05b23b4fa7881de0795ac91a7983d76e2df6f4e5a28f2d743006981a54ef']"", ""['be426f7257dd9193c637e6a9b739af787a0f5ed579ed60b50abd610ef9357e47']"", ""['202603dc05197cb3a5976ebe88740f7621ee3cc69b24f3ba978d2147ec83aa8f']"", ""['19431c684d220d8ef732933e3b79307f8ed42599e78a4d94c639cc6ea2b21a23']"", ""['5e02fd31af2d7536164665fa87935b0039ce215acb68d29ded14f92bebca7f4b']"", ""['6b6d62cef89722d8cfa2a133b4bd8e0a4a5f3efbd24803923aede1ac46716a57']"", ""['f57ab0d3ac2e44915ef4ebbf3474cff864dabb21c09a6c47e7e1c5c5a3087ae6']"", ""['7271889befae6cbf56f6db976d6381d26ba1cdc24a00e759b0415bd1207ae880']"", ""['063af42f6112cd25396586fde44b8057d94a05f59aaf4f6dbacec6436f8fe193']"", ""['fa29833c2053d6566096b72f128e6788195a0fcf1abd07a9ace82c8977f36c5c']"", ""['5fa352288809c361ae9db718e41c97326f7fe36f16db860569a5763e36440821']"", ""['3dc5396918dd4cde41aaa8fdfa3779a2bd2d55785c7fb5fe8d002fa9db04f7fc', '8fda9add1a52320d6433627369013d9f560760ffc76ddc2367b97388e6f9d166']"", ""['96bfed431d26c715e22edfe8dfcf263244b73d8ca7f9adfc0489a89d61277d1a', 'ff61855d75c0ae0368ba09624b3e8e28afa3969a4f979266c3ccdc465c55f757']"", ""['efd3c4775375ae7327610e7570092d1a433ce13689138e2a8ed96e8c773dad09']"", ""['a56708988b90fbec1f284e23f3111c9e57a15c5f5ac737548872f970708502f0']"", ""['819ab0489541c2a743ce30c23b544213a5ce11db5200d54aedc7d1f9dfab4ffe']"", ""['e88ab992d0f862399bfe0487649e00d72c9c86d7553ed5f6958b93cbbd1b745c']"", ""['45fe0cd90d9054234a70f104501d8ad1977795a55c5473c120650a954b25b141']"", ""['0ea220ad2ecf9abb46c0cd2bcf5aa6099c9c87a48b9395dc1b3b040e3bb980c8']"", ""['445f2c812beb5491292ac4e9d2980d65023ec8160834779111120c86143fd1de']"", ""['cc48da3e947769a367154b51bdf247ffa4f90a25bebd4ab243997801fb30418d']"", ""['7225eaa630f0029b498dff8e808039cf275585c90b62ddb92142bca1b634a8ef']"", ""['55ade97256be88ec0a95df49f6075c292216b1591e810d12bf52b296e7e7ffef']"", ""['cdfffe4637d86ecdc865e877e0b71be8c7bf194911750048786aa97bf57fcda4']"", ""['b5975a62edc9e0f5c3c6bc693ef548339ffe924a0caa6efd2fb6bc39ea9ff77e']"", ""['463e915e22c980cb76042a4b79c6ee0765b568c190ccfb5495336dc220bec855']"", ""['7ba31689f092663e7f980d3d33b4df53a83e593e67605058c45b7ef9fade400a']"", ""['9b3580849b78b6f91afc0082d7e4591a11ec3ce501be1508186d90d808e34a43']"", ""['1f4707402fe5158746ffcb640f6a04771e29713c1e6afef784da6893a11e4f75']"", ""['a7bd86efe950dd0401e9619005ea30947a5ffc409ef14baed11dc661abaa1d2a']"", ""['48ff5a55097c7999c13542ac156c69a2c1df40ed47763efe2905ac726297e89c']"", ""['0a2d1f9bd57bacbae69f18d550882c29cbf7c0e411919bc8fa45fc6a4831a047']"", ""['a08ea7f995fe296cec59c0aad50138e012a2d600149e3834afa1fc332c4670f0']"", ""['c0362c7fa675ff3beda2318fe60bcae8694264c1aaa942c97ed4b7aa8621811e']"", ""['3335310bc9a450288df552d293a7bd89333150f22beedaa9c6535d707eba80fd', '58519533f3e04aae5d8e635cdaaf47fc4cf05a5cdc3c2ab2e38666a53b956019', 'eb5bfe6e6c537acb168c26629de6b678d85c6b737ab58c767ac805cf3b905a0e']""]",True,152,"[1037, 14, 1043, 3101, 39, 40, 2605, 50, 53, 54, 3148, 1625, 3164, 606, 610, 3171, 3176, 2153, 107, 115, 3187, 117, 3189, 2167, 2168, 2169, 2170, 2171, 125, 2173, 2176, 133, 2191, 2192, 2193, 3221, 152, 666, 2204, 2210, 2217, 2219, 2224, 2752, 2248, 2251, 2260, 1237, 2262, 1239, 1240, 1243, 2783, 1248, 2281, 751, 1267, 3317, 1273, 250, 2822, 2823, 1288, 2826, 2833, 2834, 2835, 1300, 2838, 2839, 2843, 802, 2338, 2850, 807, 2347, 2860, 1837, 814, 815, 2864, 817, 2865, 307, 819, 1844, 825, 2874, 315, 2875, 2877, 2878, 322, 323, 2883, 2885, 2886, 327, 328, 329, 2888, 1868, 2892, 2893, 2895, 2897, 2898, 2903, 1881, 1882, 347, 349, 2398, 2909, 2916, 2917, 2407, 873, 2923, 876, 1903, 1906, 1395, 1398, 376, 2941, 2942, 1410, 1422, 2958, 2448, 401, 403, 917, 415, 416, 417, 2468, 933, 2990, 1969, 1472, 961, 962, 965, 973, 3032, 2532, 2022, 3050, 2544, 2557]",38
2022-11-12,50d180485eb6d2eb0bbd059fe2ee2a01175ccc5c4e410c50863d361a28eaad96,"[14.0, 29.0, 39.0, 40.0, 53.0, 54.0, 57.0, 115.0, 117.0, 125.0, 133.0, 139.0, 152.0, 250.0, 255.0, 306.0, 307.0, 315.0, 327.0, 328.0, 329.0, 347.0, 376.0, 401.0, 415.0, 416.0, 458.0, 515.0, 606.0, 610.0, 666.0, 682.0, 702.0, 708.0, 730.0, 732.0, 739.0, 751.0, 778.0, 815.0, 817.0, 819.0, 834.0, 836.0, 873.0, 876.0, 877.0, 881.0, 933.0, 961.0, 962.0, 965.0, 1037.0, 1047.0, 1150.0, 1155.0, 1237.0, 1239.0, 1240.0, 1248.0, 1267.0, 1273.0, 1300.0, 1395.0, 1472.0, 1497.0, 1584.0, 1585.0, 1723.0, 1822.0, 1837.0, 1844.0, 1867.0, 1868.0, 1881.0, 1882.0, 1903.0, 1906.0, 1938.0, 2022.0, 2132.0, 2153.0, 2158.0, 2167.0, 2168.0, 2169.0, 2170.0, 2171.0, 2173.0, 2178.0, 2191.0, 2192.0, 2193.0, 2204.0, 2208.0, 2210.0, 2219.0, 2224.0, 2248.0, 2251.0, 2262.0, 2281.0, 2338.0, 2354.0, 2398.0, 2407.0, 2468.0, 2488.0, 2544.0, 2557.0, 2605.0, 2658.0, 2752.0, 2755.0, 2764.0, 2775.0, 2782.0, 2783.0, 2822.0, 2823.0, 2831.0, 2833.0, 2834.0, 2835.0, 2838.0, 2839.0, 2843.0, 2860.0, 2864.0, 2865.0, 2874.0, 2875.0, 2877.0, 2883.0, 2885.0, 2886.0, 2888.0, 2892.0, 2893.0, 2895.0, 2897.0, 2909.0, 2916.0, 2917.0, 2923.0, 2941.0, 2942.0, 2958.0, 2990.0, 3032.0, 3050.0, 3082.0, 3117.0, 3119.0, 3120.0, 3121.0, 3131.0, 3164.0, 3187.0, 3189.0, 3217.0, 3221.0, 3317.0]",Signing ceremony of the declaration of the senior commanders on permanent cessation of hostilities agreement between the government of Ethiopia and the TPLF,Valid,"[""['ce23c26dfb69c976b4ed67bb2308ab95e294d7d4a550ad2279e77a4f0a25fa68']"", ""['a0e2fa425dcafe975da991dcf4f957d20b3bfccc72ac6264a29df22cc460db81']"", ""['3822b8beba21477018930819d16cd2d4b7d89b20962e6027bd49ed3affe33054']"", ""['e8fa05b23b4fa7881de0795ac91a7983d76e2df6f4e5a28f2d743006981a54ef']"", ""['be426f7257dd9193c637e6a9b739af787a0f5ed579ed60b50abd610ef9357e47']"", ""['202603dc05197cb3a5976ebe88740f7621ee3cc69b24f3ba978d2147ec83aa8f']"", ""['19431c684d220d8ef732933e3b79307f8ed42599e78a4d94c639cc6ea2b21a23']"", ""['7f5f2d30144ccf6d804599cafa39f8663de4402bc71cea28120df617a082545d']"", ""['7271889befae6cbf56f6db976d6381d26ba1cdc24a00e759b0415bd1207ae880']"", ""['063af42f6112cd25396586fde44b8057d94a05f59aaf4f6dbacec6436f8fe193']"", ""['fa29833c2053d6566096b72f128e6788195a0fcf1abd07a9ace82c8977f36c5c']"", ""['5fa352288809c361ae9db718e41c97326f7fe36f16db860569a5763e36440821']"", ""['3dc5396918dd4cde41aaa8fdfa3779a2bd2d55785c7fb5fe8d002fa9db04f7fc', '8fda9add1a52320d6433627369013d9f560760ffc76ddc2367b97388e6f9d166']"", ""['efd3c4775375ae7327610e7570092d1a433ce13689138e2a8ed96e8c773dad09']"", ""['a56708988b90fbec1f284e23f3111c9e57a15c5f5ac737548872f970708502f0']"", ""['819ab0489541c2a743ce30c23b544213a5ce11db5200d54aedc7d1f9dfab4ffe']"", ""['e88ab992d0f862399bfe0487649e00d72c9c86d7553ed5f6958b93cbbd1b745c']"", ""['445f2c812beb5491292ac4e9d2980d65023ec8160834779111120c86143fd1de']"", ""['cc48da3e947769a367154b51bdf247ffa4f90a25bebd4ab243997801fb30418d']"", ""['55ade97256be88ec0a95df49f6075c292216b1591e810d12bf52b296e7e7ffef']"", ""['8f93b671d0ebc0645cc79e581f4c5c48ef2dd5cb0bbbbc3821f00fe2b677893b']"", ""['463e915e22c980cb76042a4b79c6ee0765b568c190ccfb5495336dc220bec855']"", ""['ddf7a6441093f68b423f541f2759ca779114eccbd960dc39890961815247a2c8']"", ""['ace7bf4941fb2e291383ef44001f2f2782af194cc6f520aa2f233db0d4962be2']"", ""['9b3580849b78b6f91afc0082d7e4591a11ec3ce501be1508186d90d808e34a43']"", ""['1f4707402fe5158746ffcb640f6a04771e29713c1e6afef784da6893a11e4f75']"", ""['a7bd86efe950dd0401e9619005ea30947a5ffc409ef14baed11dc661abaa1d2a']"", ""['48ff5a55097c7999c13542ac156c69a2c1df40ed47763efe2905ac726297e89c']"", ""['0f6088bbc3e80563e558e7dbd63a89895000e715afe7f03fb87b23e051fe56f8']"", ""['a08ea7f995fe296cec59c0aad50138e012a2d600149e3834afa1fc332c4670f0']"", ""['c0362c7fa675ff3beda2318fe60bcae8694264c1aaa942c97ed4b7aa8621811e']"", ""['3335310bc9a450288df552d293a7bd89333150f22beedaa9c6535d707eba80fd', '58519533f3e04aae5d8e635cdaaf47fc4cf05a5cdc3c2ab2e38666a53b956019', 'eb5bfe6e6c537acb168c26629de6b678d85c6b737ab58c767ac805cf3b905a0e']"", ""['1fb1fddf8f5c788110a4b149b16b8977356911eb95ae88e4ab16cd5357d71d10']""]",True,150,"[1037, 14, 1047, 29, 39, 40, 2605, 3117, 3119, 1584, 1585, 3120, 3121, 53, 54, 3131, 2132, 3164, 606, 610, 2658, 2153, 2158, 115, 3187, 117, 3189, 2167, 2168, 2169, 2170, 2171, 125, 2173, 2178, 1155, 133, 2191, 2192, 2193, 3217, 3221, 152, 666, 2204, 2208, 2210, 2219, 2224, 1723, 702, 2752, 2755, 708, 2248, 2251, 2764, 1237, 2262, 1239, 1240, 2775, 730, 2782, 2783, 1248, 2281, 751, 1267, 3317, 1273, 250, 2822, 2823, 778, 2831, 2833, 2834, 2835, 1300, 2838, 2839, 2843, 1822, 2338, 2860, 1837, 815, 2864, 817, 306, 307, 819, 1844, 2354, 2865, 2874, 315, 2875, 2877, 834, 2883, 2885, 2886, 327, 328, 329, 2888, 1868, 2892, 2893, 2895, 2897, 1881, 1882, 347, 2909, 2398, 2916, 2917, 2407, 873, 2923, 876, 1903, 881, 1906, 1395, 376, 2941, 2942, 2958, 401, 1938, 415, 416, 2468, 933, 2990, 1472, 961, 962, 965, 458, 3032, 1497, 2022, 3050, 2544, 2557]",33
